TCPDIAG native SendBuffer r1=0cd19f28 r2=54
TCPDIAG native SendPacket addr=0cd19f28 size=54
TCPDIAG native frame 00 fa c0 a8 01 01 58 b0 35 77 d7 22 08 00 45 00 00 28 00 11 00 00 40 06 ae c2 c0 a8 01 2a 0a 2a 00 01 82 2e 46 a1 0e cb e7 99 00 00 00 bd 50 11 10 00 13 e5 00 00
TCPDIAG state=kStatePeerDiscWaitForFIN size=54 iptotal=40 iphdr=20 tcphdr=20 payload=0 flags=0x011 seq=248244121 ack=189 src=33326 dst=18081
TCPDIAG inbound frame 58 b0 35 77 d7 22 00 fa c0 a8 01 01 08 00 45 00 00 28 03 f0 00 00 40 06 aa e3 0a 2a 00 01 c0 a8 01 2a 46 a1 82 2e 00 00 00 bd 0e cb e7 9a 50 04 10 00 13 f1 00 00
TCPDIAG inbound frame 58 b0 35 77 d7 22 00 fa c0 a8 01 01 08 00 45 00 00 37 03 ed 00 00 40 06 aa d7 0a 2a 00 01 c0 a8 01 2a 46 a1 82 af 00 00 00 10 0e cb cc ce 50 10 10 00 ff 13 00 00 54 4f 4f 4c 53 20 30 20 70 69 6e 67 20 0d 0a
NIE7 pc=00045d74 CBufferList::Putn r0=0c69a310 r1=0cd1f5e4 r2=0000000f r3=0cd1824c sp=0cc8257c lr=6009c7b0
NIE7 pc=00134fdc TNewScriptEndpointClient::DoOutput r0=0c699d50 r1=0ce8b03c r2=0cced4f0 r3=0ce8b044 sp=0cced4f0 lr=00139010
NIE7 pc=00135440 TNewScriptEndpointClient::OutputData r0=0c699d50 r1=0ce8b03c r2=00000003 r3=00000000 sp=0cced4a8 lr=00135220
NIE7 pc=00382bbc TEndpoint::nSnd(raw) r0=0c69a0ec r1=0c69aea0 r2=0cced468 r3=00000001 sp=0cced45c lr=00135560
NIE7 pc=00383854 PConnectionEnd::PutBytesStart r0=0cd1d30c r1=0c69a470 r2=0cd1d4e4 r3=00008299 sp=0cc82640 lr=00072980
NIE7 pc=00046298 CBufferList::GetSize r0=0c69a470 r1=0c69a470 r2=ffffffff r3=ffffffff sp=0cc82528 lr=6008ad30
TCPDIAG native SendBuffer r1=0cd19f28 r2=71
TCPDIAG native SendPacket addr=0cd19f28 size=71
TCPDIAG native frame 00 fa c0 a8 01 01 58 b0 35 77 d7 22 08 00 45 00 00 39 00 12 00 00 40 06 ae b0 c0 a8 01 2a 0a 2a 00 01 82 af 46 a1 0e cb cc ce 00 00 00 10 50 10 10 00 ba 73 00 00 30 0d 0a 72 65 73 75 6c 74 0d 0a 70 6f 6e 67 0d 0a
TCPDIAG state=kStateConnectedWaitACK size=71 iptotal=57 iphdr=20 tcphdr=20 payload=17 flags=0x010 seq=248237262 ack=16 src=33455 dst=18081
TCPDIAG host-send requested=17 sent=17 errno=0
NIE7 pc=00046298 CBufferList::GetSize r0=0c69a470 r1=00010024 r2=0cd215f4 r3=0cd21a13 sp=0cc82618 lr=6009be90
NIE7 pc=00046298 CBufferList::GetSize r0=0c69a310 r1=0c69a310 r2=00010064 r3=00008299 sp=0cc82620 lr=6009c4b8
NIE7 pc=00135904 TNewScriptEndpointClient::SndComplete r0=0c699d50 r1=0cced958 r2=0001f26c r3=0cced958 sp=0cced8c4 lr=001386e4
NIE7 pc=00134fdc TNewScriptEndpointClient::DoOutput r0=0c699d50 r1=0ce8b00c r2=0cced514 r3=0ce8b014 sp=0cced514 lr=00139010
NIE7 pc=00135440 TNewScriptEndpointClient::OutputData r0=0c699d50 r1=0ce8b00c r2=00000003 r3=00000000 sp=0cced4cc lr=00135220
NIE7 pc=00382bbc TEndpoint::nSnd(raw) r0=0c69a0ec r1=0c69aea0 r2=0cced48c r3=00000001 sp=0cced480 lr=00135560
NIE7 pc=00383854 PConnectionEnd::PutBytesStart r0=0cd1d30c r1=0c69a470 r2=0cd1d4e4 r3=00008299 sp=0cc82640 lr=00072980
NIE7 pc=00046298 CBufferList::GetSize r0=0c69a470 r1=0c69a470 r2=ffffffff r3=ffffffff sp=0cc82528 lr=6008ad30
TCPDIAG native SendBuffer r1=0cd19f28 r2=60
TCPDIAG native SendPacket addr=0cd19f28 size=60
TCPDIAG native frame 00 fa c0 a8 01 01 58 b0 35 77 d7 22 08 00 45 00 00 2e 00 13 00 00 40 06 ae ba c0 a8 01 2a 0a 2a 00 01 82 af 46 a1 0e cb cc df 00 00 00 10 50 10 10 00 85 20 00 00 50 4f 4c 4c 0d 0a
TCPDIAG state=kStateConnected size=60 iptotal=46 iphdr=20 tcphdr=20 payload=6 flags=0x010 seq=248237279 ack=16 src=33455 dst=18081
TCPDIAG host-send requested=6 sent=6 errno=0
NIE7 pc=00046298 CBufferList::GetSize r0=0c69a470 r1=00010064 r2=0cd215f4 r3=0cd21a13 sp=0cc82618 lr=6009be90
NIE7 pc=00135904 TNewScriptEndpointClient::SndComplete r0=0c699d50 r1=0cced958 r2=0001f26c r3=0cced958 sp=0cced8c4 lr=001386e4
TCPDIAG inbound frame 58 b0 35 77 d7 22 00 fa c0 a8 01 01 08 00 45 00 00 28 03 ee 00 00 40 06 aa e5 0a 2a 00 01 c0 a8 01 2a 46 a1 82 af 00 00 00 1f 0e cb cc df 50 10 10 00 2e bd 00 00
TCPDIAG native SendBuffer r1=0cd19f28 r2=54
TCPDIAG native SendPacket addr=0cd19f28 size=54
TCPDIAG native frame 00 fa c0 a8 01 01 58 b0 35 77 d7 22 08 00 45 00 00 28 00 14 00 00 40 06 ae bf c0 a8 01 2a 0a 2a 00 01 82 af 46 a1 0e cb cc e5 00 00 00 1f 50 10 10 00 2e b7 00 00
TCPDIAG state=kStateConnected size=54 iptotal=40 iphdr=20 tcphdr=20 payload=0 flags=0x010 seq=248237285 ack=31 src=33455 dst=18081
TCPDIAG inbound frame 58 b0 35 77 d7 22 00 fa c0 a8 01 01 08 00 45 00 00 28 03 ef 00 00 40 06 aa e4 0a 2a 00 01 c0 a8 01 2a 46 a1 82 af 00 00 00 1f 0e cb cc e5 50 10 10 00 2e b7 00 00
TCPDIAG native SendBuffer r1=0cd19f28 r2=58
TCPDIAG native SendPacket addr=0cd19f28 size=58
TCPDIAG native frame 00 fa c0 a8 01 01 58 b0 35 77 d7 22 08 00 45 00 00 2c 00 15 00 00 40 06 ae ba c0 a8 01 2a 0a 2a 00 01 80 68 46 a1 0e e7 43 f0 00 00 00 00 60 02 10 00 a2 48 00 00 02 04 05 b4
TCPDIAG state=kStateDisconnected size=58 iptotal=44 iphdr=20 tcphdr=24 payload=0 flags=0x002 seq=250037232 ack=0 src=32872 dst=18081
TCPDIAG inbound frame 58 b0 35 77 d7 22 00 fa c0 a8 01 01 08 00 45 00 00 2c 03 e8 00 00 40 06 aa e7 0a 2a 00 01 c0 a8 01 2a 46 a1 80 68 00 00 00 00 0e e7 43 f1 60 12 10 00 a2 37 00 00 02 04 05 b4
TCPDIAG native SendBuffer r1=0cd19f28 r2=54
TCPDIAG native SendPacket addr=0cd19f28 size=54
TCPDIAG native frame 00 fa c0 a8 01 01 58 b0 35 77 d7 22 08 00 45 00 00 28 00 16 00 00 40 06 ae bd c0 a8 01 2a 0a 2a 00 01 80 68 46 a1 0e e7 43 f1 00 00 00 01 50 10 10 00 b9 f4 00 00
TCPDIAG state=kStateConnectionWaitACK size=54 iptotal=40 iphdr=20 tcphdr=20 payload=0 flags=0x010 seq=250037233 ack=1 src=32872 dst=18081
NIE7 pc=00134fdc TNewScriptEndpointClient::DoOutput r0=0c697fec r1=0ce28014 r2=0cd0e554 r3=0ce2801c sp=0cd0e554 lr=00139010
NIE7 pc=00135440 TNewScriptEndpointClient::OutputData r0=0c697fec r1=0ce28014 r2=00000003 r3=00000000 sp=0cd0e50c lr=00135220
NIE7 pc=00382bbc TEndpoint::nSnd(raw) r0=0c698114 r1=0c69b8d4 r2=0cd0e4cc r3=00000001 sp=0cd0e4c0 lr=00135560
NIE7 pc=00046298 CBufferList::GetSize r0=0c698354 r1=0c698354 r2=00010064 r3=00008829 sp=0cc82620 lr=6009c4b8
NIE7 pc=00383854 PConnectionEnd::PutBytesStart r0=0cd1e61c r1=0c699ca4 r2=0cd1e7f4 r3=00008829 sp=0cc82640 lr=00072980
NIE7 pc=00046298 CBufferList::GetSize r0=0c699ca4 r1=0c699ca4 r2=ffffffff r3=ffffffff sp=0cc82528 lr=6008ad30
TCPDIAG native SendBuffer r1=0cd19f28 r2=1514
TCPDIAG native SendPacket addr=0cd19f28 size=1514
TCPDIAG state=kStateConnected size=1514 iptotal=1500 iphdr=20 tcphdr=20 payload=1460 flags=0x010 seq=250037233 ack=1 src=32872 dst=18081
TCPDIAG host-send requested=1460 sent=1460 errno=0
TCPDIAG native SendBuffer r1=0cd19f28 r2=1514
TCPDIAG native SendPacket addr=0cd19f28 size=1514
TCPDIAG state=kStateConnected size=1514 iptotal=1500 iphdr=20 tcphdr=20 payload=1460 flags=0x010 seq=250038693 ack=1 src=32872 dst=18081
TCPDIAG host-send requested=1460 sent=1460 errno=0
NIE7 pc=00046298 CBufferList::GetSize r0=0c699ca4 r1=00010064 r2=0cd23314 r3=0cd23733 sp=0cc82618 lr=6009be90
NIE7 pc=00135904 TNewScriptEndpointClient::SndComplete r0=0c697fec r1=0cd0e958 r2=0001f26c r3=0cd0e958 sp=0cd0e8c4 lr=001386e4
TCPDIAG inbound frame 58 b0 35 77 d7 22 00 fa c0 a8 01 01 08 00 45 00 00 28 03 e9 00 00 40 06 aa ea 0a 2a 00 01 c0 a8 01 2a 46 a1 80 68 00 00 00 01 0e e7 49 a5 50 10 10 00 b4 40 00 00
TCPDIAG native SendBuffer r1=0cd19f28 r2=1514
TCPDIAG native SendPacket addr=0cd19f28 size=1514
TCPDIAG state=kStateConnected size=1514 iptotal=1500 iphdr=20 tcphdr=20 payload=1460 flags=0x010 seq=250040153 ack=1 src=32872 dst=18081
TCPDIAG host-send requested=1460 sent=1460 errno=0
TCPDIAG inbound frame 58 b0 35 77 d7 22 00 fa c0 a8 01 01 08 00 45 00 00 28 03 ea 00 00 40 06 aa e9 0a 2a 00 01 c0 a8 01 2a 46 a1 80 68 00 00 00 01 0e e7 4f 59 50 10 10 00 ae 8c 00 00
TCPDIAG native SendBuffer r1=0cd19f28 r2=1514
TCPDIAG native SendPacket addr=0cd19f28 size=1514
TCPDIAG state=kStateConnected size=1514 iptotal=1500 iphdr=20 tcphdr=20 payload=1460 flags=0x010 seq=250041613 ack=1 src=32872 dst=18081
TCPDIAG host-send requested=1460 sent=1460 errno=0
TCPDIAG native SendBuffer r1=0cd19f28 r2=1104
TCPDIAG native SendPacket addr=0cd19f28 size=1104
TCPDIAG state=kStateConnected size=1104 iptotal=1090 iphdr=20 tcphdr=20 payload=1050 flags=0x010 seq=250043073 ack=1 src=32872 dst=18081
TCPDIAG host-send requested=1050 sent=1050 errno=0
TCPDIAG inbound frame 58 b0 35 77 d7 22 00 fa c0 a8 01 01 08 00 45 00 00 28 03 eb 00 00 40 06 aa e8 0a 2a 00 01 c0 a8 01 2a 46 a1 80 68 00 00 00 01 0e e7 55 0d 50 10 10 00 a8 d8 00 00
TCPDIAG inbound frame 58 b0 35 77 d7 22 00 fa c0 a8 01 01 08 00 45 00 00 28 03 ec 00 00 40 06 aa e7 0a 2a 00 01 c0 a8 01 2a 46 a1 80 68 00 00 00 01 0e e7 5a c1 50 10 10 00 a3 24 00 00
TCPDIAG inbound frame 58 b0 35 77 d7 22 00 fa c0 a8 01 01 08 00 45 00 00 28 03 ed 00 00 40 06 aa e6 0a 2a 00 01 c0 a8 01 2a 46 a1 80 68 00 00 00 01 0e e7 5e db 50 10 10 00 9f 0a 00 00
NIE7 pc=00045d74 CBufferList::Putn r0=0c698354 r1=0cd205f4 r2=000000bb r3=0cd184b4 sp=0cc8257c lr=6009c7b0
NIE7 pc=00046298 CBufferList::GetSize r0=0c698354 r1=0c698354 r2=00010064 r3=00008829 sp=0cc82620 lr=6009c4b8
TCPDIAG native SendBuffer r1=0cd19f28 r2=54
TCPDIAG native SendPacket addr=0cd19f28 size=54
TCPDIAG native frame 00 fa c0 a8 01 01 58 b0 35 77 d7 22 08 00 45 00 00 28 00 1c 00 00 40 06 ae b7 c0 a8 01 2a 0a 2a 00 01 80 68 46 a1 0e e7 5e db 00 00 00 bc 50 10 10 00 9e 4f 00 00
TCPDIAG state=kStateConnectedWaitACK size=54 iptotal=40 iphdr=20 tcphdr=20 payload=0 flags=0x010 seq=250044123 ack=188 src=32872 dst=18081
TCPDIAG inbound frame 58 b0 35 77 d7 22 00 fa c0 a8 01 01 08 00 45 00 00 28 03 ef 00 00 40 06 aa e4 0a 2a 00 01 c0 a8 01 2a 46 a1 80 68 00 00 00 bc 0e e7 5e db 50 11 10 00 9e 4e 00 00
TCPDIAG native SendBuffer r1=0cd19f28 r2=54
TCPDIAG native SendPacket addr=0cd19f28 size=54
TCPDIAG native frame 00 fa c0 a8 01 01 58 b0 35 77 d7 22 08 00 45 00 00 28 00 1d 00 00 40 06 ae b6 c0 a8 01 2a 0a 2a 00 01 80 68 46 a1 0e e7 5e db 00 00 00 bd 50 10 10 00 9e 4e 00 00
TCPDIAG state=kStatePeerDiscWaitForACK size=54 iptotal=40 iphdr=20 tcphdr=20 payload=0 flags=0x010 seq=250044123 ack=189 src=32872 dst=18081
NIE7 pc=00045d74 CBufferList::Putn r0=0c698354 r1=0cd205f4 r2=00000000 r3=0cd184b4 sp=0cc8257c lr=6009c7b0
NIE7 pc=00046298 CBufferList::GetSize r0=0c698354 r1=0c698354 r2=00010064 r3=00008829 sp=0cc82620 lr=6009c4b8
TCPDIAG inbound frame 58 b0 35 77 d7 22 00 fa c0 a8 01 01 08 00 45 00 00 37 03 f0 00 00 40 06 aa d4 0a 2a 00 01 c0 a8 01 2a 46 a1 82 af 00 00 00 1f 0e cb cc e5 50 10 10 00 fe ed 00 00 54 4f 4f 4c 53 20 30 20 70 69 6e 67 20 0d 0a
NIE7 pc=00045d74 CBufferList::Putn r0=0c69a310 r1=0cd1f5e4 r2=0000000f r3=0cd1824c sp=0cc8257c lr=6009c7b0
NIE7 pc=00134fdc TNewScriptEndpointClient::DoOutput r0=0c699d50 r1=0ce2803c r2=0cd0e4f0 r3=0ce28044 sp=0cd0e4f0 lr=00139010
NIE7 pc=00135440 TNewScriptEndpointClient::OutputData r0=0c699d50 r1=0ce2803c r2=00000003 r3=00000000 sp=0cd0e4a8 lr=00135220
NIE7 pc=00382bbc TEndpoint::nSnd(raw) r0=0c69a0ec r1=0c6979f0 r2=0cd0e468 r3=00000001 sp=0cd0e45c lr=00135560
NIE7 pc=00383854 PConnectionEnd::PutBytesStart r0=0cd1d30c r1=0c69a470 r2=0cd1d4e4 r3=00008299 sp=0cc82640 lr=00072980
NIE7 pc=00046298 CBufferList::GetSize r0=0c69a470 r1=0c69a470 r2=ffffffff r3=ffffffff sp=0cc82528 lr=6008ad30
TCPDIAG native SendBuffer r1=0cd19f28 r2=71
TCPDIAG native SendPacket addr=0cd19f28 size=71
TCPDIAG native frame 00 fa c0 a8 01 01 58 b0 35 77 d7 22 08 00 45 00 00 39 00 1e 00 00 40 06 ae a4 c0 a8 01 2a 0a 2a 00 01 82 af 46 a1 0e cb cc e5 00 00 00 1f 50 10 10 00 ba 4d 00 00 30 0d 0a 72 65 73 75 6c 74 0d 0a 70 6f 6e 67 0d 0a
TCPDIAG state=kStateConnectedWaitACK size=71 iptotal=57 iphdr=20 tcphdr=20 payload=17 flags=0x010 seq=248237285 ack=31 src=33455 dst=18081
TCPDIAG host-send requested=17 sent=17 errno=0
NIE7 pc=00046298 CBufferList::GetSize r0=0c69a470 r1=00010024 r2=0cd215f4 r3=0cd21a13 sp=0cc82618 lr=6009be90
NIE7 pc=00046298 CBufferList::GetSize r0=0c69a310 r1=0c69a310 r2=00010064 r3=00008299 sp=0cc82620 lr=6009c4b8
NIE7 pc=00135904 TNewScriptEndpointClient::SndComplete r0=0c699d50 r1=0cd0e958 r2=0001f26c r3=0cd0e958 sp=0cd0e8c4 lr=001386e4
NIE7 pc=00134fdc TNewScriptEndpointClient::DoOutput r0=0c699d50 r1=0ce2800c r2=0cd0e514 r3=0ce28014 sp=0cd0e514 lr=00139010
NIE7 pc=00135440 TNewScriptEndpointClient::OutputData r0=0c699d50 r1=0ce2800c r2=00000003 r3=00000000 sp=0cd0e4cc lr=00135220
NIE7 pc=00382bbc TEndpoint::nSnd(raw) r0=0c69a0ec r1=0c6979f0 r2=0cd0e48c r3=00000001 sp=0cd0e480 lr=00135560
NIE7 pc=00383854 PConnectionEnd::PutBytesStart r0=0cd1d30c r1=0c69a470 r2=0cd1d4e4 r3=00008299 sp=0cc82640 lr=00072980
NIE7 pc=00046298 CBufferList::GetSize r0=0c69a470 r1=0c69a470 r2=ffffffff r3=ffffffff sp=0cc82528 lr=6008ad30
TCPDIAG native SendBuffer r1=0cd19f28 r2=60
TCPDIAG native SendPacket addr=0cd19f28 size=60
TCPDIAG native frame 00 fa c0 a8 01 01 58 b0 35 77 d7 22 08 00 45 00 00 2e 00 1f 00 00 40 06 ae ae c0 a8 01 2a 0a 2a 00 01 82 af 46 a1 0e cb cc f6 00 00 00 1f 50 10 10 00 84 fa 00 00 50 4f 4c 4c 0d 0a
TCPDIAG state=kStateConnected size=60 iptotal=46 iphdr=20 tcphdr=20 payload=6 flags=0x010 seq=248237302 ack=31 src=33455 dst=18081
TCPDIAG host-send requested=6 sent=6 errno=0
NIE7 pc=00046298 CBufferList::GetSize r0=0c69a470 r1=00010064 r2=0cd215f4 r3=0cd21a13 sp=0cc82618 lr=6009be90
NIE7 pc=00135904 TNewScriptEndpointClient::SndComplete r0=0c699d50 r1=0cd0e958 r2=0001f26c r3=0cd0e958 sp=0cd0e8c4 lr=001386e4
TCPDIAG native SendBuffer r1=0cd19f28 r2=54
TCPDIAG native SendPacket addr=0cd19f28 size=54
TCPDIAG native frame 00 fa c0 a8 01 01 58 b0 35 77 d7 22 08 00 45 00 00 28 00 20 00 00 40 06 ae b3 c0 a8 01 2a 0a 2a 00 01 82 af 46 a1 0e cb cc fc 00 00 00 2e 50 10 10 00 2e 91 00 00
TCPDIAG state=kStateConnected size=54 iptotal=40 iphdr=20 tcphdr=20 payload=0 flags=0x010 seq=248237308 ack=46 src=33455 dst=18081
TCPDIAG inbound frame 58 b0 35 77 d7 22 00 fa c0 a8 01 01 08 00 45 00 00 28 03 f1 00 00 40 06 aa e2 0a 2a 00 01 c0 a8 01 2a 46 a1 82 af 00 00 00 2e 0e cb cc f6 50 10 10 00 2e 97 00 00
TCPDIAG inbound frame 58 b0 35 77 d7 22 00 fa c0 a8 01 01 08 00 45 00 00 28 03 f2 00 00 40 06 aa e1 0a 2a 00 01 c0 a8 01 2a 46 a1 82 af 00 00 00 2e 0e cb cc fc 50 10 10 00 2e 91 00 00
[emulator-control] 10.89.10.6 "GET /screen.png HTTP/1.1" 200 -
TCPDIAG native SendBuffer r1=0cd19f28 r2=54
TCPDIAG native SendPacket addr=0cd19f28 size=54
TCPDIAG native frame 00 fa c0 a8 01 01 58 b0 35 77 d7 22 08 00 45 00 00 28 00 21 00 00 40 06 ae b2 c0 a8 01 2a 0a 2a 00 01 80 68 46 a1 0e e7 5e db 00 00 00 bd 50 11 10 00 9e 4d 00 00
TCPDIAG state=kStatePeerDiscWaitForFIN size=54 iptotal=40 iphdr=20 tcphdr=20 payload=0 flags=0x011 seq=250044123 ack=189 src=32872 dst=18081
TCPDIAG inbound frame 58 b0 35 77 d7 22 00 fa c0 a8 01 01 08 00 45 00 00 28 03 f0 00 00 40 06 aa e3 0a 2a 00 01 c0 a8 01 2a 46 a1 80 68 00 00 00 bd 0e e7 5e dc 50 04 10 00 9e 59 00 00
TCPDIAG inbound frame 58 b0 35 77 d7 22 00 fa c0 a8 01 01 08 00 45 00 00 37 03 f3 00 00 40 06 aa d1 0a 2a 00 01 c0 a8 01 2a 46 a1 82 af 00 00 00 2e 0e cb cc fc 50 10 10 00 fe c7 00 00 54 4f 4f 4c 53 20 30 20 70 69 6e 67 20 0d 0a
NIE7 pc=00045d74 CBufferList::Putn r0=0c69a310 r1=0cd1f5e4 r2=0000000f r3=0cd1824c sp=0cc8257c lr=6009c7b0
NIE7 pc=00134fdc TNewScriptEndpointClient::DoOutput r0=0c699d50 r1=0ce2803c r2=0cd0e4f0 r3=0ce28044 sp=0cd0e4f0 lr=00139010
NIE7 pc=00135440 TNewScriptEndpointClient::OutputData r0=0c699d50 r1=0ce2803c r2=00000003 r3=00000000 sp=0cd0e4a8 lr=00135220
NIE7 pc=00382bbc TEndpoint::nSnd(raw) r0=0c69a0ec r1=0c6979b0 r2=0cd0e468 r3=00000001 sp=0cd0e45c lr=00135560
NIE7 pc=00383854 PConnectionEnd::PutBytesStart r0=0cd1d30c r1=0c69a470 r2=0cd1d4e4 r3=00008299 sp=0cc82640 lr=00072980
NIE7 pc=00046298 CBufferList::GetSize r0=0c69a470 r1=0c69a470 r2=ffffffff r3=ffffffff sp=0cc82528 lr=6008ad30
TCPDIAG native SendBuffer r1=0cd19f28 r2=71
TCPDIAG native SendPacket addr=0cd19f28 size=71
TCPDIAG native frame 00 fa c0 a8 01 01 58 b0 35 77 d7 22 08 00 45 00 00 39 00 22 00 00 40 06 ae a0 c0 a8 01 2a 0a 2a 00 01 82 af 46 a1 0e cb cc fc 00 00 00 2e 50 10 10 00 ba 27 00 00 30 0d 0a 72 65 73 75 6c 74 0d 0a 70 6f 6e 67 0d 0a
TCPDIAG state=kStateConnectedWaitACK size=71 iptotal=57 iphdr=20 tcphdr=20 payload=17 flags=0x010 seq=248237308 ack=46 src=33455 dst=18081
TCPDIAG host-send requested=17 sent=17 errno=0
NIE7 pc=00046298 CBufferList::GetSize r0=0c69a470 r1=00010024 r2=0cd215f4 r3=0cd21a13 sp=0cc82618 lr=6009be90
NIE7 pc=00046298 CBufferList::GetSize r0=0c69a310 r1=0c69a310 r2=00010064 r3=00008299 sp=0cc82620 lr=6009c4b8
NIE7 pc=00135904 TNewScriptEndpointClient::SndComplete r0=0c699d50 r1=0cd0e958 r2=0001f26c r3=0cd0e958 sp=0cd0e8c4 lr=001386e4
NIE7 pc=00134fdc TNewScriptEndpointClient::DoOutput r0=0c699d50 r1=0ce2800c r2=0cd0e514 r3=0ce28014 sp=0cd0e514 lr=00139010
NIE7 pc=00135440 TNewScriptEndpointClient::OutputData r0=0c699d50 r1=0ce2800c r2=00000003 r3=00000000 sp=0cd0e4cc lr=00135220
NIE7 pc=00382bbc TEndpoint::nSnd(raw) r0=0c69a0ec r1=0c6979b0 r2=0cd0e48c r3=00000001 sp=0cd0e480 lr=00135560
NIE7 pc=00383854 PConnectionEnd::PutBytesStart r0=0cd1d30c r1=0c69a470 r2=0cd1d4e4 r3=00008299 sp=0cc82640 lr=00072980
NIE7 pc=00046298 CBufferList::GetSize r0=0c69a470 r1=0c69a470 r2=ffffffff r3=ffffffff sp=0cc82528 lr=6008ad30
TCPDIAG native SendBuffer r1=0cd19f28 r2=60
TCPDIAG native SendPacket addr=0cd19f28 size=60
TCPDIAG native frame 00 fa c0 a8 01 01 58 b0 35 77 d7 22 08 00 45 00 00 2e 00 23 00 00 40 06 ae aa c0 a8 01 2a 0a 2a 00 01 82 af 46 a1 0e cb cd 0d 00 00 00 2e 50 10 10 00 84 d4 00 00 50 4f 4c 4c 0d 0a
TCPDIAG state=kStateConnected size=60 iptotal=46 iphdr=20 tcphdr=20 payload=6 flags=0x010 seq=248237325 ack=46 src=33455 dst=18081
TCPDIAG host-send requested=6 sent=6 errno=0
NIE7 pc=00046298 CBufferList::GetSize r0=0c69a470 r1=00010064 r2=0cd215f4 r3=0cd21a13 sp=0cc82618 lr=6009be90
NIE7 pc=00135904 TNewScriptEndpointClient::SndComplete r0=0c699d50 r1=0cd0e958 r2=0001f26c r3=0cd0e958 sp=0cd0e8c4 lr=001386e4
TCPDIAG native SendBuffer r1=0cd19f28 r2=54
TCPDIAG native SendPacket addr=0cd19f28 size=54
TCPDIAG native frame 00 fa c0 a8 01 01 58 b0 35 77 d7 22 08 00 45 00 00 28 00 24 00 00 40 06 ae af c0 a8 01 2a 0a 2a 00 01 82 af 46 a1 0e cb cd 13 00 00 00 3d 50 10 10 00 2e 6b 00 00
TCPDIAG state=kStateConnected size=54 iptotal=40 iphdr=20 tcphdr=20 payload=0 flags=0x010 seq=248237331 ack=61 src=33455 dst=18081
TCPDIAG inbound frame 58 b0 35 77 d7 22 00 fa c0 a8 01 01 08 00 45 00 00 28 03 f4 00 00 40 06 aa df 0a 2a 00 01 c0 a8 01 2a 46 a1 82 af 00 00 00 3d 0e cb cd 0d 50 10 10 00 2e 71 00 00
TCPDIAG inbound frame 58 b0 35 77 d7 22 00 fa c0 a8 01 01 08 00 45 00 00 28 03 f5 00 00 40 06 aa de 0a 2a 00 01 c0 a8 01 2a 46 a1 82 af 00 00 00 3d 0e cb cd 13 50 10 10 00 2e 6b 00 00
TCPDIAG native SendBuffer r1=0cd19f28 r2=58
TCPDIAG native SendPacket addr=0cd19f28 size=58
TCPDIAG native frame 00 fa c0 a8 01 01 58 b0 35 77 d7 22 08 00 45 00 00 2c 00 25 00 00 40 06 ae aa c0 a8 01 2a 0a 2a 00 01 83 bf 46 a1 0f 00 71 40 00 00 00 00 60 02 10 00 71 88 00 00 02 04 05 b4
TCPDIAG state=kStateDisconnected size=58 iptotal=44 iphdr=20 tcphdr=24 payload=0 flags=0x002 seq=251687232 ack=0 src=33727 dst=18081
TCPDIAG inbound frame 58 b0 35 77 d7 22 00 fa c0 a8 01 01 08 00 45 00 00 2c 03 e8 00 00 40 06 aa e7 0a 2a 00 01 c0 a8 01 2a 46 a1 83 bf 00 00 00 00 0f 00 71 41 60 12 10 00 71 77 00 00 02 04 05 b4
TCPDIAG native SendBuffer r1=0cd19f28 r2=54
TCPDIAG native SendPacket addr=0cd19f28 size=54
TCPDIAG native frame 00 fa c0 a8 01 01 58 b0 35 77 d7 22 08 00 45 00 00 28 00 26 00 00 40 06 ae ad c0 a8 01 2a 0a 2a 00 01 83 bf 46 a1 0f 00 71 41 00 00 00 01 50 10 10 00 89 34 00 00
TCPDIAG state=kStateConnectionWaitACK size=54 iptotal=40 iphdr=20 tcphdr=20 payload=0 flags=0x010 seq=251687233 ack=1 src=33727 dst=18081
NIE7 pc=00134fdc TNewScriptEndpointClient::DoOutput r0=0c69784c r1=0ce8b014 r2=0cced554 r3=0ce8b01c sp=0cced554 lr=00139010
NIE7 pc=00135440 TNewScriptEndpointClient::OutputData r0=0c69784c r1=0ce8b014 r2=00000003 r3=00000000 sp=0cced50c lr=00135220
NIE7 pc=00382bbc TEndpoint::nSnd(raw) r0=0c697738 r1=0c69b740 r2=0cced4cc r3=00000001 sp=0cced4c0 lr=00135560
NIE7 pc=00046298 CBufferList::GetSize r0=0c697ef0 r1=0c697ef0 r2=00010064 r3=00008a69 sp=0cc82620 lr=6009c4b8
NIE7 pc=00383854 PConnectionEnd::PutBytesStart r0=0cd1e61c r1=0c698348 r2=0cd1e7f4 r3=00008a69 sp=0cc82640 lr=00072980
NIE7 pc=00046298 CBufferList::GetSize r0=0c698348 r1=0c698348 r2=ffffffff r3=ffffffff sp=0cc82528 lr=6008ad30
TCPDIAG native SendBuffer r1=0cd19f28 r2=1514
TCPDIAG native SendPacket addr=0cd19f28 size=1514
TCPDIAG state=kStateConnected size=1514 iptotal=1500 iphdr=20 tcphdr=20 payload=1460 flags=0x010 seq=251687233 ack=1 src=33727 dst=18081
TCPDIAG host-send requested=1460 sent=1460 errno=0
TCPDIAG native SendBuffer r1=0cd19f28 r2=1514
TCPDIAG native SendPacket addr=0cd19f28 size=1514
TCPDIAG state=kStateConnected size=1514 iptotal=1500 iphdr=20 tcphdr=20 payload=1460 flags=0x010 seq=251688693 ack=1 src=33727 dst=18081
TCPDIAG host-send requested=1460 sent=1460 errno=0
NIE7 pc=00046298 CBufferList::GetSize r0=0c698348 r1=00010064 r2=0cd23314 r3=0cd23733 sp=0cc82618 lr=6009be90
NIE7 pc=00135904 TNewScriptEndpointClient::SndComplete r0=0c69784c r1=0cced958 r2=0001f26c r3=0cced958 sp=0cced8c4 lr=001386e4
TCPDIAG inbound frame 58 b0 35 77 d7 22 00 fa c0 a8 01 01 08 00 45 00 00 28 03 e9 00 00 40 06 aa ea 0a 2a 00 01 c0 a8 01 2a 46 a1 83 bf 00 00 00 01 0f 00 76 f5 50 10 10 00 83 80 00 00
TCPDIAG native SendBuffer r1=0cd19f28 r2=1514
TCPDIAG native SendPacket addr=0cd19f28 size=1514
TCPDIAG state=kStateConnected size=1514 iptotal=1500 iphdr=20 tcphdr=20 payload=1460 flags=0x010 seq=251690153 ack=1 src=33727 dst=18081
TCPDIAG host-send requested=1460 sent=1460 errno=0
TCPDIAG inbound frame 58 b0 35 77 d7 22 00 fa c0 a8 01 01 08 00 45 00 00 28 03 ea 00 00 40 06 aa e9 0a 2a 00 01 c0 a8 01 2a 46 a1 83 bf 00 00 00 01 0f 00 7c a9 50 10 10 00 7d cc 00 00
TCPDIAG native SendBuffer r1=0cd19f28 r2=1514
TCPDIAG native SendPacket addr=0cd19f28 size=1514
TCPDIAG state=kStateConnected size=1514 iptotal=1500 iphdr=20 tcphdr=20 payload=1460 flags=0x010 seq=251691613 ack=1 src=33727 dst=18081
TCPDIAG host-send requested=1460 sent=1460 errno=0
TCPDIAG native SendBuffer r1=0cd19f28 r2=1106
TCPDIAG native SendPacket addr=0cd19f28 size=1106
TCPDIAG state=kStateConnected size=1106 iptotal=1092 iphdr=20 tcphdr=20 payload=1052 flags=0x010 seq=251693073 ack=1 src=33727 dst=18081
TCPDIAG host-send requested=1052 sent=1052 errno=0
TCPDIAG inbound frame 58 b0 35 77 d7 22 00 fa c0 a8 01 01 08 00 45 00 00 28 03 eb 00 00 40 06 aa e8 0a 2a 00 01 c0 a8 01 2a 46 a1 83 bf 00 00 00 01 0f 00 82 5d 50 10 10 00 78 18 00 00
TCPDIAG inbound frame 58 b0 35 77 d7 22 00 fa c0 a8 01 01 08 00 45 00 00 28 03 ec 00 00 40 06 aa e7 0a 2a 00 01 c0 a8 01 2a 46 a1 83 bf 00 00 00 01 0f 00 88 11 50 10 10 00 72 64 00 00
TCPDIAG inbound frame 58 b0 35 77 d7 22 00 fa c0 a8 01 01 08 00 45 00 00 28 03 ed 00 00 40 06 aa e6 0a 2a 00 01 c0 a8 01 2a 46 a1 83 bf 00 00 00 01 0f 00 8c 2d 50 10 10 00 6e 48 00 00
NIE7 pc=00045d74 CBufferList::Putn r0=0c697ef0 r1=0cd205f4 r2=000000bb r3=0cd184b4 sp=0cc8257c lr=6009c7b0
NIE7 pc=00046298 CBufferList::GetSize r0=0c697ef0 r1=0c697ef0 r2=00010064 r3=00008a69 sp=0cc82620 lr=6009c4b8
[emulator-control] 127.0.0.1 "GET /health HTTP/1.1" 200 -
TCPDIAG native SendBuffer r1=0cd19f28 r2=54
TCPDIAG native SendPacket addr=0cd19f28 size=54
TCPDIAG native frame 00 fa c0 a8 01 01 58 b0 35 77 d7 22 08 00 45 00 00 28 00 2c 00 00 40 06 ae a7 c0 a8 01 2a 0a 2a 00 01 83 bf 46 a1 0f 00 8c 2d 00 00 00 bc 50 10 10 00 6d 8d 00 00
TCPDIAG state=kStateConnectedWaitACK size=54 iptotal=40 iphdr=20 tcphdr=20 payload=0 flags=0x010 seq=251694125 ack=188 src=33727 dst=18081
TCPDIAG inbound frame 58 b0 35 77 d7 22 00 fa c0 a8 01 01 08 00 45 00 00 28 03 ef 00 00 40 06 aa e4 0a 2a 00 01 c0 a8 01 2a 46 a1 83 bf 00 00 00 bc 0f 00 8c 2d 50 11 10 00 6d 8c 00 00
TCPDIAG native SendBuffer r1=0cd19f28 r2=54
TCPDIAG native SendPacket addr=0cd19f28 size=54
TCPDIAG native frame 00 fa c0 a8 01 01 58 b0 35 77 d7 22 08 00 45 00 00 28 00 2d 00 00 40 06 ae a6 c0 a8 01 2a 0a 2a 00 01 83 bf 46 a1 0f 00 8c 2d 00 00 00 bd 50 10 10 00 6d 8c 00 00
TCPDIAG state=kStatePeerDiscWaitForACK size=54 iptotal=40 iphdr=20 tcphdr=20 payload=0 flags=0x010 seq=251694125 ack=189 src=33727 dst=18081
NIE7 pc=00045d74 CBufferList::Putn r0=0c697ef0 r1=0cd205f4 r2=00000000 r3=0cd184b4 sp=0cc8257c lr=6009c7b0
NIE7 pc=00046298 CBufferList::GetSize r0=0c697ef0 r1=0c697ef0 r2=00010064 r3=00008a69 sp=0cc82620 lr=6009c4b8
TCPDIAG inbound frame 58 b0 35 77 d7 22 00 fa c0 a8 01 01 08 00 45 00 00 37 03 f6 00 00 40 06 aa ce 0a 2a 00 01 c0 a8 01 2a 46 a1 82 af 00 00 00 3d 0e cb cd 13 50 10 10 00 fe a1 00 00 54 4f 4f 4c 53 20 30 20 70 69 6e 67 20 0d 0a
NIE7 pc=00045d74 CBufferList::Putn r0=0c69a310 r1=0cd1f5e4 r2=0000000f r3=0cd1824c sp=0cc8257c lr=6009c7b0
NIE7 pc=00134fdc TNewScriptEndpointClient::DoOutput r0=0c699d50 r1=0ce8b03c r2=0cced4f0 r3=0ce8b044 sp=0cced4f0 lr=00139010
NIE7 pc=00135440 TNewScriptEndpointClient::OutputData r0=0c699d50 r1=0ce8b03c r2=00000003 r3=00000000 sp=0cced4a8 lr=00135220
NIE7 pc=00382bbc TEndpoint::nSnd(raw) r0=0c69a0ec r1=0c699d28 r2=0cced468 r3=00000001 sp=0cced45c lr=00135560
NIE7 pc=00383854 PConnectionEnd::PutBytesStart r0=0cd1d30c r1=0c69a470 r2=0cd1d4e4 r3=00008299 sp=0cc82640 lr=00072980
NIE7 pc=00046298 CBufferList::GetSize r0=0c69a470 r1=0c69a470 r2=ffffffff r3=ffffffff sp=0cc82528 lr=6008ad30
TCPDIAG native SendBuffer r1=0cd19f28 r2=71
TCPDIAG native SendPacket addr=0cd19f28 size=71
TCPDIAG native frame 00 fa c0 a8 01 01 58 b0 35 77 d7 22 08 00 45 00 00 39 00 2e 00 00 40 06 ae 94 c0 a8 01 2a 0a 2a 00 01 82 af 46 a1 0e cb cd 13 00 00 00 3d 50 10 10 00 ba 01 00 00 30 0d 0a 72 65 73 75 6c 74 0d 0a 70 6f 6e 67 0d 0a
TCPDIAG state=kStateConnectedWaitACK size=71 iptotal=57 iphdr=20 tcphdr=20 payload=17 flags=0x010 seq=248237331 ack=61 src=33455 dst=18081
TCPDIAG host-send requested=17 sent=17 errno=0
NIE7 pc=00046298 CBufferList::GetSize r0=0c69a470 r1=00010024 r2=0cd215f4 r3=0cd21a13 sp=0cc82618 lr=6009be90
NIE7 pc=00046298 CBufferList::GetSize r0=0c69a310 r1=0c69a310 r2=00010064 r3=00008299 sp=0cc82620 lr=6009c4b8
NIE7 pc=00135904 TNewScriptEndpointClient::SndComplete r0=0c699d50 r1=0cced958 r2=0001f26c r3=0cced958 sp=0cced8c4 lr=001386e4
NIE7 pc=00134fdc TNewScriptEndpointClient::DoOutput r0=0c699d50 r1=0ce8b00c r2=0cced514 r3=0ce8b014 sp=0cced514 lr=00139010
NIE7 pc=00135440 TNewScriptEndpointClient::OutputData r0=0c699d50 r1=0ce8b00c r2=00000003 r3=00000000 sp=0cced4cc lr=00135220
NIE7 pc=00382bbc TEndpoint::nSnd(raw) r0=0c69a0ec r1=0c6983a0 r2=0cced48c r3=00000001 sp=0cced480 lr=00135560
NIE7 pc=00383854 PConnectionEnd::PutBytesStart r0=0cd1d30c r1=0c69a470 r2=0cd1d4e4 r3=00008299 sp=0cc82640 lr=00072980
NIE7 pc=00046298 CBufferList::GetSize r0=0c69a470 r1=0c69a470 r2=ffffffff r3=ffffffff sp=0cc82528 lr=6008ad30
TCPDIAG native SendBuffer r1=0cd19f28 r2=60
TCPDIAG native SendPacket addr=0cd19f28 size=60
TCPDIAG native frame 00 fa c0 a8 01 01 58 b0 35 77 d7 22 08 00 45 00 00 2e 00 2f 00 00 40 06 ae 9e c0 a8 01 2a 0a 2a 00 01 82 af 46 a1 0e cb cd 24 00 00 00 3d 50 10 10 00 84 ae 00 00 50 4f 4c 4c 0d 0a
TCPDIAG state=kStateConnected size=60 iptotal=46 iphdr=20 tcphdr=20 payload=6 flags=0x010 seq=248237348 ack=61 src=33455 dst=18081
TCPDIAG host-send requested=6 sent=6 errno=0
NIE7 pc=00046298 CBufferList::GetSize r0=0c69a470 r1=00010064 r2=0cd215f4 r3=0cd21a13 sp=0cc82618 lr=6009be90
NIE7 pc=00135904 TNewScriptEndpointClient::SndComplete r0=0c699d50 r1=0cced958 r2=0001f26c r3=0cced958 sp=0cced8c4 lr=001386e4
TCPDIAG inbound frame 58 b0 35 77 d7 22 00 fa c0 a8 01 01 08 00 45 00 00 28 03 f7 00 00 40 06 aa dc 0a 2a 00 01 c0 a8 01 2a 46 a1 82 af 00 00 00 4c 0e cb cd 24 50 10 10 00 2e 4b 00 00
TCPDIAG native SendBuffer r1=0cd19f28 r2=54
TCPDIAG native SendPacket addr=0cd19f28 size=54
TCPDIAG native frame 00 fa c0 a8 01 01 58 b0 35 77 d7 22 08 00 45 00 00 28 00 30 00 00 40 06 ae a3 c0 a8 01 2a 0a 2a 00 01 82 af 46 a1 0e cb cd 2a 00 00 00 4c 50 10 10 00 2e 45 00 00
TCPDIAG state=kStateConnected size=54 iptotal=40 iphdr=20 tcphdr=20 payload=0 flags=0x010 seq=248237354 ack=76 src=33455 dst=18081
TCPDIAG inbound frame 58 b0 35 77 d7 22 00 fa c0 a8 01 01 08 00 45 00 00 28 03 f8 00 00 40 06 aa db 0a 2a 00 01 c0 a8 01 2a 46 a1 82 af 00 00 00 4c 0e cb cd 2a 50 10 10 00 2e 45 00 00
TCPDIAG native SendBuffer r1=0cd19f28 r2=54
TCPDIAG native SendPacket addr=0cd19f28 size=54
TCPDIAG native frame 00 fa c0 a8 01 01 58 b0 35 77 d7 22 08 00 45 00 00 28 00 31 00 00 40 06 ae a2 c0 a8 01 2a 0a 2a 00 01 83 bf 46 a1 0f 00 8c 2d 00 00 00 bd 50 11 10 00 6d 8b 00 00
TCPDIAG state=kStatePeerDiscWaitForFIN size=54 iptotal=40 iphdr=20 tcphdr=20 payload=0 flags=0x011 seq=251694125 ack=189 src=33727 dst=18081
TCPDIAG inbound frame 58 b0 35 77 d7 22 00 fa c0 a8 01 01 08 00 45 00 00 28 03 f0 00 00 40 06 aa e3 0a 2a 00 01 c0 a8 01 2a 46 a1 83 bf 00 00 00 bd 0f 00 8c 2e 50 04 10 00 6d 97 00 00
TCPDIAG inbound frame 58 b0 35 77 d7 22 00 fa c0 a8 01 01 08 00 45 00 00 37 03 f9 00 00 40 06 aa cb 0a 2a 00 01 c0 a8 01 2a 46 a1 82 af 00 00 00 4c 0e cb cd 2a 50 10 10 00 fe 7b 00 00 54 4f 4f 4c 53 20 30 20 70 69 6e 67 20 0d 0a
NIE7 pc=00045d74 CBufferList::Putn r0=0c69a310 r1=0cd1f5e4 r2=0000000f r3=0cd1824c sp=0cc8257c lr=6009c7b0
NIE7 pc=00134fdc TNewScriptEndpointClient::DoOutput r0=0c699d50 r1=0ce8b03c r2=0cced4f0 r3=0ce8b044 sp=0cced4f0 lr=00139010
NIE7 pc=00135440 TNewScriptEndpointClient::OutputData r0=0c699d50 r1=0ce8b03c r2=00000003 r3=00000000 sp=0cced4a8 lr=00135220
NIE7 pc=00382bbc TEndpoint::nSnd(raw) r0=0c69a0ec r1=0c699c9c r2=0cced468 r3=00000001 sp=0cced45c lr=00135560
NIE7 pc=00383854 PConnectionEnd::PutBytesStart r0=0cd1d30c r1=0c69a470 r2=0cd1d4e4 r3=00008299 sp=0cc82640 lr=00072980
NIE7 pc=00046298 CBufferList::GetSize r0=0c69a470 r1=0c69a470 r2=ffffffff r3=ffffffff sp=0cc82528 lr=6008ad30
TCPDIAG native SendBuffer r1=0cd19f28 r2=71
TCPDIAG native SendPacket addr=0cd19f28 size=71
TCPDIAG native frame 00 fa c0 a8 01 01 58 b0 35 77 d7 22 08 00 45 00 00 39 00 32 00 00 40 06 ae 90 c0 a8 01 2a 0a 2a 00 01 82 af 46 a1 0e cb cd 2a 00 00 00 4c 50 10 10 00 b9 db 00 00 30 0d 0a 72 65 73 75 6c 74 0d 0a 70 6f 6e 67 0d 0a
TCPDIAG state=kStateConnectedWaitACK size=71 iptotal=57 iphdr=20 tcphdr=20 payload=17 flags=0x010 seq=248237354 ack=76 src=33455 dst=18081
TCPDIAG host-send requested=17 sent=17 errno=0
NIE7 pc=00046298 CBufferList::GetSize r0=0c69a470 r1=00010024 r2=0cd215f4 r3=0cd21a13 sp=0cc82618 lr=6009be90
NIE7 pc=00046298 CBufferList::GetSize r0=0c69a310 r1=0c69a310 r2=00010064 r3=00008299 sp=0cc82620 lr=6009c4b8
NIE7 pc=00135904 TNewScriptEndpointClient::SndComplete r0=0c699d50 r1=0cced958 r2=0001f26c r3=0cced958 sp=0cced8c4 lr=001386e4
NIE7 pc=00134fdc TNewScriptEndpointClient::DoOutput r0=0c699d50 r1=0ce8b00c r2=0cced514 r3=0ce8b014 sp=0cced514 lr=00139010
NIE7 pc=00135440 TNewScriptEndpointClient::OutputData r0=0c699d50 r1=0ce8b00c r2=00000003 r3=00000000 sp=0cced4cc lr=00135220
NIE7 pc=00382bbc TEndpoint::nSnd(raw) r0=0c69a0ec r1=0c6983a0 r2=0cced48c r3=00000001 sp=0cced480 lr=00135560
NIE7 pc=00383854 PConnectionEnd::PutBytesStart r0=0cd1d30c r1=0c69a470 r2=0cd1d4e4 r3=00008299 sp=0cc82640 lr=00072980
NIE7 pc=00046298 CBufferList::GetSize r0=0c69a470 r1=0c69a470 r2=ffffffff r3=ffffffff sp=0cc82528 lr=6008ad30
TCPDIAG native SendBuffer r1=0cd19f28 r2=60
TCPDIAG native SendPacket addr=0cd19f28 size=60
TCPDIAG native frame 00 fa c0 a8 01 01 58 b0 35 77 d7 22 08 00 45 00 00 2e 00 33 00 00 40 06 ae 9a c0 a8 01 2a 0a 2a 00 01 82 af 46 a1 0e cb cd 3b 00 00 00 4c 50 10 10 00 84 88 00 00 50 4f 4c 4c 0d 0a
TCPDIAG state=kStateConnected size=60 iptotal=46 iphdr=20 tcphdr=20 payload=6 flags=0x010 seq=248237371 ack=76 src=33455 dst=18081
TCPDIAG host-send requested=6 sent=6 errno=0
NIE7 pc=00046298 CBufferList::GetSize r0=0c69a470 r1=00010064 r2=0cd215f4 r3=0cd21a13 sp=0cc82618 lr=6009be90
NIE7 pc=00135904 TNewScriptEndpointClient::SndComplete r0=0c699d50 r1=0cced958 r2=0001f26c r3=0cced958 sp=0cced8c4 lr=001386e4
TCPDIAG inbound frame 58 b0 35 77 d7 22 00 fa c0 a8 01 01 08 00 45 00 00 28 03 fa 00 00 40 06 aa d9 0a 2a 00 01 c0 a8 01 2a 46 a1 82 af 00 00 00 5b 0e cb cd 3b 50 10 10 00 2e 25 00 00
TCPDIAG native SendBuffer r1=0cd19f28 r2=54
TCPDIAG native SendPacket addr=0cd19f28 size=54
TCPDIAG native frame 00 fa c0 a8 01 01 58 b0 35 77 d7 22 08 00 45 00 00 28 00 34 00 00 40 06 ae 9f c0 a8 01 2a 0a 2a 00 01 82 af 46 a1 0e cb cd 41 00 00 00 5b 50 10 10 00 2e 1f 00 00
TCPDIAG state=kStateConnected size=54 iptotal=40 iphdr=20 tcphdr=20 payload=0 flags=0x010 seq=248237377 ack=91 src=33455 dst=18081
TCPDIAG inbound frame 58 b0 35 77 d7 22 00 fa c0 a8 01 01 08 00 45 00 00 28 03 fb 00 00 40 06 aa d8 0a 2a 00 01 c0 a8 01 2a 46 a1 82 af 00 00 00 5b 0e cb cd 41 50 10 10 00 2e 1f 00 00
TCPDIAG native SendBuffer r1=0cd19f28 r2=58
TCPDIAG native SendPacket addr=0cd19f28 size=58
TCPDIAG native frame 00 fa c0 a8 01 01 58 b0 35 77 d7 22 08 00 45 00 00 2c 00 35 00 00 40 06 ae 9a c0 a8 01 2a 0a 2a 00 01 80 47 46 a1 0f 18 db 40 00 00 00 00 60 02 10 00 0a e8 00 00 02 04 05 b4
TCPDIAG state=kStateDisconnected size=58 iptotal=44 iphdr=20 tcphdr=24 payload=0 flags=0x002 seq=253287232 ack=0 src=32839 dst=18081
[emulator-control] 10.89.10.6 "GET /screen.png HTTP/1.1" 200 -
TCPDIAG inbound frame 58 b0 35 77 d7 22 00 fa c0 a8 01 01 08 00 45 00 00 2c 03 e8 00 00 40 06 aa e7 0a 2a 00 01 c0 a8 01 2a 46 a1 80 47 00 00 00 00 0f 18 db 41 60 12 10 00 0a d7 00 00 02 04 05 b4
TCPDIAG native SendBuffer r1=0cd19f28 r2=54
TCPDIAG native SendPacket addr=0cd19f28 size=54
TCPDIAG native frame 00 fa c0 a8 01 01 58 b0 35 77 d7 22 08 00 45 00 00 28 00 36 00 00 40 06 ae 9d c0 a8 01 2a 0a 2a 00 01 80 47 46 a1 0f 18 db 41 00 00 00 01 50 10 10 00 22 94 00 00
TCPDIAG state=kStateConnectionWaitACK size=54 iptotal=40 iphdr=20 tcphdr=20 payload=0 flags=0x010 seq=253287233 ack=1 src=32839 dst=18081
NIE7 pc=00134fdc TNewScriptEndpointClient::DoOutput r0=0c69784c r1=0ce28014 r2=0cd0e554 r3=0ce2801c sp=0cd0e554 lr=00139010
NIE7 pc=00135440 TNewScriptEndpointClient::OutputData r0=0c69784c r1=0ce28014 r2=00000003 r3=00000000 sp=0cd0e50c lr=00135220
NIE7 pc=00382bbc TEndpoint::nSnd(raw) r0=0c697930 r1=0c69b700 r2=0cd0e4cc r3=00000001 sp=0cd0e4c0 lr=00135560
NIE7 pc=00046298 CBufferList::GetSize r0=0c697e8c r1=0c697e8c r2=00010064 r3=00008ca9 sp=0cc82620 lr=6009c4b8
NIE7 pc=00383854 PConnectionEnd::PutBytesStart r0=0cd1e61c r1=0c697f6c r2=0cd1e7f4 r3=00008ca9 sp=0cc82640 lr=00072980
NIE7 pc=00046298 CBufferList::GetSize r0=0c697f6c r1=0c697f6c r2=ffffffff r3=ffffffff sp=0cc82528 lr=6008ad30
TCPDIAG native SendBuffer r1=0cd19f28 r2=1514
TCPDIAG native SendPacket addr=0cd19f28 size=1514
TCPDIAG state=kStateConnected size=1514 iptotal=1500 iphdr=20 tcphdr=20 payload=1460 flags=0x010 seq=253287233 ack=1 src=32839 dst=18081
TCPDIAG host-send requested=1460 sent=1460 errno=0
TCPDIAG native SendBuffer r1=0cd19f28 r2=1514
TCPDIAG native SendPacket addr=0cd19f28 size=1514
TCPDIAG state=kStateConnected size=1514 iptotal=1500 iphdr=20 tcphdr=20 payload=1460 flags=0x010 seq=253288693 ack=1 src=32839 dst=18081
TCPDIAG host-send requested=1460 sent=1460 errno=0
NIE7 pc=00046298 CBufferList::GetSize r0=0c697f6c r1=00010064 r2=0cd23318 r3=0cd23737 sp=0cc82618 lr=6009be90
NIE7 pc=00135904 TNewScriptEndpointClient::SndComplete r0=0c69784c r1=0cd0e958 r2=0001f26c r3=0cd0e958 sp=0cd0e8c4 lr=001386e4
TCPDIAG inbound frame 58 b0 35 77 d7 22 00 fa c0 a8 01 01 08 00 45 00 00 28 03 e9 00 00 40 06 aa ea 0a 2a 00 01 c0 a8 01 2a 46 a1 80 47 00 00 00 01 0f 18 e0 f5 50 10 10 00 1c e0 00 00
TCPDIAG native SendBuffer r1=0cd19f28 r2=1514
TCPDIAG native SendPacket addr=0cd19f28 size=1514
TCPDIAG state=kStateConnected size=1514 iptotal=1500 iphdr=20 tcphdr=20 payload=1460 flags=0x010 seq=253290153 ack=1 src=32839 dst=18081
TCPDIAG host-send requested=1460 sent=1460 errno=0
TCPDIAG inbound frame 58 b0 35 77 d7 22 00 fa c0 a8 01 01 08 00 45 00 00 28 03 ea 00 00 40 06 aa e9 0a 2a 00 01 c0 a8 01 2a 46 a1 80 47 00 00 00 01 0f 18 e6 a9 50 10 10 00 17 2c 00 00
TCPDIAG native SendBuffer r1=0cd19f28 r2=1514
TCPDIAG native SendPacket addr=0cd19f28 size=1514
TCPDIAG state=kStateConnected size=1514 iptotal=1500 iphdr=20 tcphdr=20 payload=1460 flags=0x010 seq=253291613 ack=1 src=32839 dst=18081
TCPDIAG host-send requested=1460 sent=1460 errno=0
TCPDIAG native SendBuffer r1=0cd19f28 r2=1109
TCPDIAG native SendPacket addr=0cd19f28 size=1109
TCPDIAG state=kStateConnected size=1109 iptotal=1095 iphdr=20 tcphdr=20 payload=1055 flags=0x010 seq=253293073 ack=1 src=32839 dst=18081
TCPDIAG host-send requested=1055 sent=1055 errno=0
TCPDIAG inbound frame 58 b0 35 77 d7 22 00 fa c0 a8 01 01 08 00 45 00 00 28 03 eb 00 00 40 06 aa e8 0a 2a 00 01 c0 a8 01 2a 46 a1 80 47 00 00 00 01 0f 18 ec 5d 50 10 10 00 11 78 00 00
TCPDIAG inbound frame 58 b0 35 77 d7 22 00 fa c0 a8 01 01 08 00 45 00 00 28 03 ec 00 00 40 06 aa e7 0a 2a 00 01 c0 a8 01 2a 46 a1 80 47 00 00 00 01 0f 18 f2 11 50 10 10 00 0b c4 00 00
TCPDIAG inbound frame 58 b0 35 77 d7 22 00 fa c0 a8 01 01 08 00 45 00 00 28 03 ed 00 00 40 06 aa e6 0a 2a 00 01 c0 a8 01 2a 46 a1 80 47 00 00 00 01 0f 18 f6 30 50 10 10 00 07 a5 00 00
NIE7 pc=00045d74 CBufferList::Putn r0=0c697e8c r1=0cd205f4 r2=000000bb r3=0cd184b4 sp=0cc8257c lr=6009c7b0
NIE7 pc=00046298 CBufferList::GetSize r0=0c697e8c r1=0c697e8c r2=00010064 r3=00008ca9 sp=0cc82620 lr=6009c4b8
TCPDIAG inbound frame 58 b0 35 77 d7 22 00 fa c0 a8 01 01 08 00 45 00 00 37 03 fc 00 00 40 06 aa c8 0a 2a 00 01 c0 a8 01 2a 46 a1 82 af 00 00 00 5b 0e cb cd 41 50 10 10 00 fe 55 00 00 54 4f 4f 4c 53 20 30 20 70 69 6e 67 20 0d 0a
NIE7 pc=00045d74 CBufferList::Putn r0=0c69a310 r1=0cd1f5e4 r2=0000000f r3=0cd1824c sp=0cc8257c lr=6009c7b0
NIE7 pc=00134fdc TNewScriptEndpointClient::DoOutput r0=0c699d50 r1=0ce2803c r2=0cd0e4f0 r3=0ce28044 sp=0cd0e4f0 lr=00139010
NIE7 pc=00135440 TNewScriptEndpointClient::OutputData r0=0c699d50 r1=0ce2803c r2=00000003 r3=00000000 sp=0cd0e4a8 lr=00135220
NIE7 pc=00382bbc TEndpoint::nSnd(raw) r0=0c69a0ec r1=0c697d44 r2=0cd0e468 r3=00000001 sp=0cd0e45c lr=00135560
NIE7 pc=00383854 PConnectionEnd::PutBytesStart r0=0cd1d30c r1=0c69a470 r2=0cd1d4e4 r3=00008299 sp=0cc82640 lr=00072980
NIE7 pc=00046298 CBufferList::GetSize r0=0c69a470 r1=0c69a470 r2=ffffffff r3=ffffffff sp=0cc82528 lr=6008ad30
TCPDIAG native SendBuffer r1=0cd19f28 r2=71
TCPDIAG native SendPacket addr=0cd19f28 size=71
TCPDIAG native frame 00 fa c0 a8 01 01 58 b0 35 77 d7 22 08 00 45 00 00 39 00 3c 00 00 40 06 ae 86 c0 a8 01 2a 0a 2a 00 01 82 af 46 a1 0e cb cd 41 00 00 00 5b 50 10 10 00 b9 b5 00 00 30 0d 0a 72 65 73 75 6c 74 0d 0a 70 6f 6e 67 0d 0a
TCPDIAG state=kStateConnectedWaitACK size=71 iptotal=57 iphdr=20 tcphdr=20 payload=17 flags=0x010 seq=248237377 ack=91 src=33455 dst=18081
TCPDIAG host-send requested=17 sent=17 errno=0
NIE7 pc=00046298 CBufferList::GetSize r0=0c69a470 r1=00010024 r2=0cd215f4 r3=0cd21a13 sp=0cc82618 lr=6009be90
NIE7 pc=00046298 CBufferList::GetSize r0=0c69a310 r1=0c69a310 r2=00010064 r3=00008299 sp=0cc82620 lr=6009c4b8
NIE7 pc=00135904 TNewScriptEndpointClient::SndComplete r0=0c699d50 r1=0cd0e958 r2=0001f26c r3=0cd0e958 sp=0cd0e8c4 lr=001386e4
NIE7 pc=00134fdc TNewScriptEndpointClient::DoOutput r0=0c699d50 r1=0ce2800c r2=0cd0e514 r3=0ce28014 sp=0cd0e514 lr=00139010
NIE7 pc=00135440 TNewScriptEndpointClient::OutputData r0=0c699d50 r1=0ce2800c r2=00000003 r3=00000000 sp=0cd0e4cc lr=00135220
NIE7 pc=00382bbc TEndpoint::nSnd(raw) r0=0c69a0ec r1=0c697a98 r2=0cd0e48c r3=00000001 sp=0cd0e480 lr=00135560
NIE7 pc=00383854 PConnectionEnd::PutBytesStart r0=0cd1d30c r1=0c69a470 r2=0cd1d4e4 r3=00008299 sp=0cc82640 lr=00072980
NIE7 pc=00046298 CBufferList::GetSize r0=0c69a470 r1=0c69a470 r2=ffffffff r3=ffffffff sp=0cc82528 lr=6008ad30
TCPDIAG native SendBuffer r1=0cd19f28 r2=60
TCPDIAG native SendPacket addr=0cd19f28 size=60
TCPDIAG native frame 00 fa c0 a8 01 01 58 b0 35 77 d7 22 08 00 45 00 00 2e 00 3d 00 00 40 06 ae 90 c0 a8 01 2a 0a 2a 00 01 82 af 46 a1 0e cb cd 52 00 00 00 5b 50 10 10 00 84 62 00 00 50 4f 4c 4c 0d 0a
TCPDIAG state=kStateConnected size=60 iptotal=46 iphdr=20 tcphdr=20 payload=6 flags=0x010 seq=248237394 ack=91 src=33455 dst=18081
TCPDIAG host-send requested=6 sent=6 errno=0
NIE7 pc=00046298 CBufferList::GetSize r0=0c69a470 r1=00010064 r2=0cd215f4 r3=0cd21a13 sp=0cc82618 lr=6009be90
NIE7 pc=00135904 TNewScriptEndpointClient::SndComplete r0=0c699d50 r1=0cd0e958 r2=0001f26c r3=0cd0e958 sp=0cd0e8c4 lr=001386e4
TCPDIAG native SendBuffer r1=0cd19f28 r2=54
TCPDIAG native SendPacket addr=0cd19f28 size=54
TCPDIAG native frame 00 fa c0 a8 01 01 58 b0 35 77 d7 22 08 00 45 00 00 28 00 3e 00 00 40 06 ae 95 c0 a8 01 2a 0a 2a 00 01 80 47 46 a1 0f 18 f6 30 00 00 00 bc 50 10 10 00 06 ea 00 00
TCPDIAG state=kStateConnectedWaitACK size=54 iptotal=40 iphdr=20 tcphdr=20 payload=0 flags=0x010 seq=253294128 ack=188 src=32839 dst=18081
TCPDIAG native SendBuffer r1=0cd19f28 r2=54
TCPDIAG native SendPacket addr=0cd19f28 size=54
TCPDIAG native frame 00 fa c0 a8 01 01 58 b0 35 77 d7 22 08 00 45 00 00 28 00 3f 00 00 40 06 ae 94 c0 a8 01 2a 0a 2a 00 01 82 af 46 a1 0e cb cd 58 00 00 00 6a 50 10 10 00 2d f9 00 00
TCPDIAG state=kStateConnected size=54 iptotal=40 iphdr=20 tcphdr=20 payload=0 flags=0x010 seq=248237400 ack=106 src=33455 dst=18081
TCPDIAG inbound frame 58 b0 35 77 d7 22 00 fa c0 a8 01 01 08 00 45 00 00 28 03 fd 00 00 40 06 aa d6 0a 2a 00 01 c0 a8 01 2a 46 a1 82 af 00 00 00 6a 0e cb cd 52 50 10 10 00 2d ff 00 00
TCPDIAG inbound frame 58 b0 35 77 d7 22 00 fa c0 a8 01 01 08 00 45 00 00 28 03 fe 00 00 40 06 aa d5 0a 2a 00 01 c0 a8 01 2a 46 a1 82 af 00 00 00 6a 0e cb cd 58 50 10 10 00 2d f9 00 00
TCPDIAG inbound frame 58 b0 35 77 d7 22 00 fa c0 a8 01 01 08 00 45 00 00 28 03 ef 00 00 40 06 aa e4 0a 2a 00 01 c0 a8 01 2a 46 a1 80 47 00 00 00 bc 0f 18 f6 30 50 11 10 00 06 e9 00 00
TCPDIAG native SendBuffer r1=0cd19f28 r2=54
TCPDIAG native SendPacket addr=0cd19f28 size=54
TCPDIAG native frame 00 fa c0 a8 01 01 58 b0 35 77 d7 22 08 00 45 00 00 28 00 40 00 00 40 06 ae 93 c0 a8 01 2a 0a 2a 00 01 80 47 46 a1 0f 18 f6 30 00 00 00 bd 50 10 10 00 06 e9 00 00
TCPDIAG state=kStatePeerDiscWaitForACK size=54 iptotal=40 iphdr=20 tcphdr=20 payload=0 flags=0x010 seq=253294128 ack=189 src=32839 dst=18081
NIE7 pc=00045d74 CBufferList::Putn r0=0c697e8c r1=0cd205f4 r2=00000000 r3=0cd184b4 sp=0cc8257c lr=6009c7b0
NIE7 pc=00046298 CBufferList::GetSize r0=0c697e8c r1=0c697e8c r2=00010064 r3=00008ca9 sp=0cc82620 lr=6009c4b8
TCPDIAG inbound frame 58 b0 35 77 d7 22 00 fa c0 a8 01 01 08 00 45 00 00 37 03 ff 00 00 40 06 aa c5 0a 2a 00 01 c0 a8 01 2a 46 a1 82 af 00 00 00 6a 0e cb cd 58 50 10 10 00 fe 2f 00 00 54 4f 4f 4c 53 20 30 20 70 69 6e 67 20 0d 0a
NIE7 pc=00045d74 CBufferList::Putn r0=0c69a310 r1=0cd1f5e4 r2=0000000f r3=0cd1824c sp=0cc8257c lr=6009c7b0
NIE7 pc=00134fdc TNewScriptEndpointClient::DoOutput r0=0c699d50 r1=0ce2803c r2=0cd0e4f0 r3=0ce28044 sp=0cd0e4f0 lr=00139010
NIE7 pc=00135440 TNewScriptEndpointClient::OutputData r0=0c699d50 r1=0ce2803c r2=00000003 r3=00000000 sp=0cd0e4a8 lr=00135220
NIE7 pc=00382bbc TEndpoint::nSnd(raw) r0=0c69a0ec r1=0c697d44 r2=0cd0e468 r3=00000001 sp=0cd0e45c lr=00135560
NIE7 pc=00383854 PConnectionEnd::PutBytesStart r0=0cd1d30c r1=0c69a470 r2=0cd1d4e4 r3=00008299 sp=0cc82640 lr=00072980
NIE7 pc=00046298 CBufferList::GetSize r0=0c69a470 r1=0c69a470 r2=ffffffff r3=ffffffff sp=0cc82528 lr=6008ad30
TCPDIAG native SendBuffer r1=0cd19f28 r2=71
TCPDIAG native SendPacket addr=0cd19f28 size=71
TCPDIAG native frame 00 fa c0 a8 01 01 58 b0 35 77 d7 22 08 00 45 00 00 39 00 41 00 00 40 06 ae 81 c0 a8 01 2a 0a 2a 00 01 82 af 46 a1 0e cb cd 58 00 00 00 6a 50 10 10 00 b9 8f 00 00 30 0d 0a 72 65 73 75 6c 74 0d 0a 70 6f 6e 67 0d 0a
TCPDIAG state=kStateConnectedWaitACK size=71 iptotal=57 iphdr=20 tcphdr=20 payload=17 flags=0x010 seq=248237400 ack=106 src=33455 dst=18081
TCPDIAG host-send requested=17 sent=17 errno=0
NIE7 pc=00046298 CBufferList::GetSize r0=0c69a470 r1=00010024 r2=0cd215f4 r3=0cd21a13 sp=0cc82618 lr=6009be90
NIE7 pc=00046298 CBufferList::GetSize r0=0c69a310 r1=0c69a310 r2=00010064 r3=00008299 sp=0cc82620 lr=6009c4b8
NIE7 pc=00135904 TNewScriptEndpointClient::SndComplete r0=0c699d50 r1=0cd0e958 r2=0001f26c r3=0cd0e958 sp=0cd0e8c4 lr=001386e4
NIE7 pc=00134fdc TNewScriptEndpointClient::DoOutput r0=0c699d50 r1=0ce2800c r2=0cd0e514 r3=0ce28014 sp=0cd0e514 lr=00139010
NIE7 pc=00135440 TNewScriptEndpointClient::OutputData r0=0c699d50 r1=0ce2800c r2=00000003 r3=00000000 sp=0cd0e4cc lr=00135220
NIE7 pc=00382bbc TEndpoint::nSnd(raw) r0=0c69a0ec r1=0c697a98 r2=0cd0e48c r3=00000001 sp=0cd0e480 lr=00135560
NIE7 pc=00383854 PConnectionEnd::PutBytesStart r0=0cd1d30c r1=0c69a470 r2=0cd1d4e4 r3=00008299 sp=0cc82640 lr=00072980
NIE7 pc=00046298 CBufferList::GetSize r0=0c69a470 r1=0c69a470 r2=ffffffff r3=ffffffff sp=0cc82528 lr=6008ad30
TCPDIAG native SendBuffer r1=0cd19f28 r2=60
TCPDIAG native SendPacket addr=0cd19f28 size=60
TCPDIAG native frame 00 fa c0 a8 01 01 58 b0 35 77 d7 22 08 00 45 00 00 2e 00 42 00 00 40 06 ae 8b c0 a8 01 2a 0a 2a 00 01 82 af 46 a1 0e cb cd 69 00 00 00 6a 50 10 10 00 84 3c 00 00 50 4f 4c 4c 0d 0a
TCPDIAG state=kStateConnected size=60 iptotal=46 iphdr=20 tcphdr=20 payload=6 flags=0x010 seq=248237417 ack=106 src=33455 dst=18081
TCPDIAG host-send requested=6 sent=6 errno=0
NIE7 pc=00046298 CBufferList::GetSize r0=0c69a470 r1=00010064 r2=0cd215f4 r3=0cd21a13 sp=0cc82618 lr=6009be90
NIE7 pc=00135904 TNewScriptEndpointClient::SndComplete r0=0c699d50 r1=0cd0e958 r2=0001f26c r3=0cd0e958 sp=0cd0e8c4 lr=001386e4
TCPDIAG native SendBuffer r1=0cd19f28 r2=54
TCPDIAG native SendPacket addr=0cd19f28 size=54
TCPDIAG native frame 00 fa c0 a8 01 01 58 b0 35 77 d7 22 08 00 45 00 00 28 00 43 00 00 40 06 ae 90 c0 a8 01 2a 0a 2a 00 01 82 af 46 a1 0e cb cd 6f 00 00 00 79 50 10 10 00 2d d3 00 00
TCPDIAG state=kStateConnected size=54 iptotal=40 iphdr=20 tcphdr=20 payload=0 flags=0x010 seq=248237423 ack=121 src=33455 dst=18081
TCPDIAG inbound frame 58 b0 35 77 d7 22 00 fa c0 a8 01 01 08 00 45 00 00 28 04 00 00 00 40 06 aa d3 0a 2a 00 01 c0 a8 01 2a 46 a1 82 af 00 00 00 79 0e cb cd 69 50 10 10 00 2d d9 00 00
TCPDIAG inbound frame 58 b0 35 77 d7 22 00 fa c0 a8 01 01 08 00 45 00 00 28 04 01 00 00 40 06 aa d2 0a 2a 00 01 c0 a8 01 2a 46 a1 82 af 00 00 00 79 0e cb cd 6f 50 10 10 00 2d d3 00 00
TCPDIAG native SendBuffer r1=0cd19f28 r2=54
TCPDIAG native SendPacket addr=0cd19f28 size=54
TCPDIAG native frame 00 fa c0 a8 01 01 58 b0 35 77 d7 22 08 00 45 00 00 28 00 44 00 00 40 06 ae 8f c0 a8 01 2a 0a 2a 00 01 80 47 46 a1 0f 18 f6 30 00 00 00 bd 50 11 10 00 06 e8 00 00
TCPDIAG state=kStatePeerDiscWaitForFIN size=54 iptotal=40 iphdr=20 tcphdr=20 payload=0 flags=0x011 seq=253294128 ack=189 src=32839 dst=18081
[emulator-control] 127.0.0.1 "GET /health HTTP/1.1" 200 -
TCPDIAG inbound frame 58 b0 35 77 d7 22 00 fa c0 a8 01 01 08 00 45 00 00 28 03 f0 00 00 40 06 aa e3 0a 2a 00 01 c0 a8 01 2a 46 a1 80 47 00 00 00 bd 0f 18 f6 31 50 04 10 00 06 f4 00 00
TCPDIAG native SendBuffer r1=0cd19f28 r2=58
TCPDIAG native SendPacket addr=0cd19f28 size=58
TCPDIAG native frame 00 fa c0 a8 01 01 58 b0 35 77 d7 22 08 00 45 00 00 2c 00 45 00 00 40 06 ae 8a c0 a8 01 2a 0a 2a 00 01 80 cf 46 a1 0f 34 52 80 00 00 00 00 60 02 10 00 93 04 00 00 02 04 05 b4
TCPDIAG state=kStateDisconnected size=58 iptotal=44 iphdr=20 tcphdr=24 payload=0 flags=0x002 seq=255087232 ack=0 src=32975 dst=18081
TCPDIAG inbound frame 58 b0 35 77 d7 22 00 fa c0 a8 01 01 08 00 45 00 00 2c 03 e8 00 00 40 06 aa e7 0a 2a 00 01 c0 a8 01 2a 46 a1 80 cf 00 00 00 00 0f 34 52 81 60 12 10 00 92 f3 00 00 02 04 05 b4
TCPDIAG native SendBuffer r1=0cd19f28 r2=54
TCPDIAG native SendPacket addr=0cd19f28 size=54
TCPDIAG native frame 00 fa c0 a8 01 01 58 b0 35 77 d7 22 08 00 45 00 00 28 00 46 00 00 40 06 ae 8d c0 a8 01 2a 0a 2a 00 01 80 cf 46 a1 0f 34 52 81 00 00 00 01 50 10 10 00 aa b0 00 00
TCPDIAG state=kStateConnectionWaitACK size=54 iptotal=40 iphdr=20 tcphdr=20 payload=0 flags=0x010 seq=255087233 ack=1 src=32975 dst=18081
NIE7 pc=00134fdc TNewScriptEndpointClient::DoOutput r0=0c69784c r1=0ce8b014 r2=0cced554 r3=0ce8b01c sp=0cced554 lr=00139010
NIE7 pc=00135440 TNewScriptEndpointClient::OutputData r0=0c69784c r1=0ce8b014 r2=00000003 r3=00000000 sp=0cced50c lr=00135220
NIE7 pc=00382bbc TEndpoint::nSnd(raw) r0=0c697930 r1=0c69b740 r2=0cced4cc r3=00000001 sp=0cced4c0 lr=00135560
NIE7 pc=00046298 CBufferList::GetSize r0=0c697d50 r1=0c697d50 r2=00010064 r3=00008ee9 sp=0cc82620 lr=6009c4b8
NIE7 pc=00383854 PConnectionEnd::PutBytesStart r0=0cd1e61c r1=0c697ef8 r2=0cd1e7f4 r3=00008ee9 sp=0cc82640 lr=00072980
NIE7 pc=00046298 CBufferList::GetSize r0=0c697ef8 r1=0c697ef8 r2=ffffffff r3=ffffffff sp=0cc82528 lr=6008ad30
TCPDIAG native SendBuffer r1=0cd19f28 r2=1514
TCPDIAG native SendPacket addr=0cd19f28 size=1514
TCPDIAG state=kStateConnected size=1514 iptotal=1500 iphdr=20 tcphdr=20 payload=1460 flags=0x010 seq=255087233 ack=1 src=32975 dst=18081
TCPDIAG host-send requested=1460 sent=1460 errno=0
TCPDIAG native SendBuffer r1=0cd19f28 r2=1514
TCPDIAG native SendPacket addr=0cd19f28 size=1514
TCPDIAG state=kStateConnected size=1514 iptotal=1500 iphdr=20 tcphdr=20 payload=1460 flags=0x010 seq=255088693 ack=1 src=32975 dst=18081
TCPDIAG host-send requested=1460 sent=1460 errno=0
NIE7 pc=00046298 CBufferList::GetSize r0=0c697ef8 r1=00010064 r2=0cd2331c r3=0cd2373b sp=0cc82618 lr=6009be90
NIE7 pc=00135904 TNewScriptEndpointClient::SndComplete r0=0c69784c r1=0cced958 r2=0001f26c r3=0cced958 sp=0cced8c4 lr=001386e4
TCPDIAG inbound frame 58 b0 35 77 d7 22 00 fa c0 a8 01 01 08 00 45 00 00 28 03 e9 00 00 40 06 aa ea 0a 2a 00 01 c0 a8 01 2a 46 a1 80 cf 00 00 00 01 0f 34 58 35 50 10 10 00 a4 fc 00 00
TCPDIAG native SendBuffer r1=0cd19f28 r2=1514
TCPDIAG native SendPacket addr=0cd19f28 size=1514
TCPDIAG state=kStateConnected size=1514 iptotal=1500 iphdr=20 tcphdr=20 payload=1460 flags=0x010 seq=255090153 ack=1 src=32975 dst=18081
TCPDIAG host-send requested=1460 sent=1460 errno=0
TCPDIAG inbound frame 58 b0 35 77 d7 22 00 fa c0 a8 01 01 08 00 45 00 00 28 03 ea 00 00 40 06 aa e9 0a 2a 00 01 c0 a8 01 2a 46 a1 80 cf 00 00 00 01 0f 34 5d e9 50 10 10 00 9f 48 00 00
TCPDIAG native SendBuffer r1=0cd19f28 r2=1514
TCPDIAG native SendPacket addr=0cd19f28 size=1514
TCPDIAG state=kStateConnected size=1514 iptotal=1500 iphdr=20 tcphdr=20 payload=1460 flags=0x010 seq=255091613 ack=1 src=32975 dst=18081
TCPDIAG host-send requested=1460 sent=1460 errno=0
TCPDIAG native SendBuffer r1=0cd19f28 r2=1111
TCPDIAG native SendPacket addr=0cd19f28 size=1111
TCPDIAG state=kStateConnected size=1111 iptotal=1097 iphdr=20 tcphdr=20 payload=1057 flags=0x010 seq=255093073 ack=1 src=32975 dst=18081
TCPDIAG host-send requested=1057 sent=1057 errno=0
TCPDIAG inbound frame 58 b0 35 77 d7 22 00 fa c0 a8 01 01 08 00 45 00 00 28 03 eb 00 00 40 06 aa e8 0a 2a 00 01 c0 a8 01 2a 46 a1 80 cf 00 00 00 01 0f 34 63 9d 50 10 10 00 99 94 00 00
TCPDIAG inbound frame 58 b0 35 77 d7 22 00 fa c0 a8 01 01 08 00 45 00 00 28 03 ec 00 00 40 06 aa e7 0a 2a 00 01 c0 a8 01 2a 46 a1 80 cf 00 00 00 01 0f 34 69 51 50 10 10 00 93 e0 00 00
TCPDIAG inbound frame 58 b0 35 77 d7 22 00 fa c0 a8 01 01 08 00 45 00 00 28 03 ed 00 00 40 06 aa e6 0a 2a 00 01 c0 a8 01 2a 46 a1 80 cf 00 00 00 01 0f 34 6d 72 50 10 10 00 8f bf 00 00
NIE7 pc=00045d74 CBufferList::Putn r0=0c697d50 r1=0cd205f4 r2=000000bb r3=0cd184b4 sp=0cc8257c lr=6009c7b0
NIE7 pc=00046298 CBufferList::GetSize r0=0c697d50 r1=0c697d50 r2=00010064 r3=00008ee9 sp=0cc82620 lr=6009c4b8
TCPDIAG native SendBuffer r1=0cd19f28 r2=54
TCPDIAG native SendPacket addr=0cd19f28 size=54
TCPDIAG native frame 00 fa c0 a8 01 01 58 b0 35 77 d7 22 08 00 45 00 00 28 00 4c 00 00 40 06 ae 87 c0 a8 01 2a 0a 2a 00 01 80 cf 46 a1 0f 34 6d 72 00 00 00 bc 50 10 10 00 8f 04 00 00
TCPDIAG state=kStateConnectedWaitACK size=54 iptotal=40 iphdr=20 tcphdr=20 payload=0 flags=0x010 seq=255094130 ack=188 src=32975 dst=18081
TCPDIAG inbound frame 58 b0 35 77 d7 22 00 fa c0 a8 01 01 08 00 45 00 00 37 04 02 00 00 40 06 aa c2 0a 2a 00 01 c0 a8 01 2a 46 a1 82 af 00 00 00 79 0e cb cd 6f 50 10 10 00 fe 09 00 00 54 4f 4f 4c 53 20 30 20 70 69 6e 67 20 0d 0a
NIE7 pc=00045d74 CBufferList::Putn r0=0c69a310 r1=0cd1f5e4 r2=0000000f r3=0cd1824c sp=0cc8257c lr=6009c7b0
NIE7 pc=00134fdc TNewScriptEndpointClient::DoOutput r0=0c699d50 r1=0ce8b03c r2=0cced4f0 r3=0ce8b044 sp=0cced4f0 lr=00139010
NIE7 pc=00135440 TNewScriptEndpointClient::OutputData r0=0c699d50 r1=0ce8b03c r2=00000003 r3=00000000 sp=0cced4a8 lr=00135220
NIE7 pc=00382bbc TEndpoint::nSnd(raw) r0=0c69a0ec r1=0c6993e4 r2=0cced468 r3=00000001 sp=0cced45c lr=00135560
NIE7 pc=00383854 PConnectionEnd::PutBytesStart r0=0cd1d30c r1=0c69a470 r2=0cd1d4e4 r3=00008299 sp=0cc82640 lr=00072980
NIE7 pc=00046298 CBufferList::GetSize r0=0c69a470 r1=0c69a470 r2=ffffffff r3=ffffffff sp=0cc82528 lr=6008ad30
TCPDIAG native SendBuffer r1=0cd19f28 r2=71
TCPDIAG native SendPacket addr=0cd19f28 size=71
TCPDIAG native frame 00 fa c0 a8 01 01 58 b0 35 77 d7 22 08 00 45 00 00 39 00 4d 00 00 40 06 ae 75 c0 a8 01 2a 0a 2a 00 01 82 af 46 a1 0e cb cd 6f 00 00 00 79 50 10 10 00 b9 69 00 00 30 0d 0a 72 65 73 75 6c 74 0d 0a 70 6f 6e 67 0d 0a
TCPDIAG state=kStateConnectedWaitACK size=71 iptotal=57 iphdr=20 tcphdr=20 payload=17 flags=0x010 seq=248237423 ack=121 src=33455 dst=18081
TCPDIAG host-send requested=17 sent=17 errno=0
NIE7 pc=00046298 CBufferList::GetSize r0=0c69a470 r1=00010024 r2=0cd215f4 r3=0cd21a13 sp=0cc82618 lr=6009be90
NIE7 pc=00046298 CBufferList::GetSize r0=0c69a310 r1=0c69a310 r2=00010064 r3=00008299 sp=0cc82620 lr=6009c4b8
NIE7 pc=00135904 TNewScriptEndpointClient::SndComplete r0=0c699d50 r1=0cced958 r2=0001f26c r3=0cced958 sp=0cced8c4 lr=001386e4
NIE7 pc=00134fdc TNewScriptEndpointClient::DoOutput r0=0c699d50 r1=0ce8b00c r2=0cced514 r3=0ce8b014 sp=0cced514 lr=00139010
NIE7 pc=00135440 TNewScriptEndpointClient::OutputData r0=0c699d50 r1=0ce8b00c r2=00000003 r3=00000000 sp=0cced4cc lr=00135220
NIE7 pc=00382bbc TEndpoint::nSnd(raw) r0=0c69a0ec r1=0c6985bc r2=0cced48c r3=00000001 sp=0cced480 lr=00135560
NIE7 pc=00383854 PConnectionEnd::PutBytesStart r0=0cd1d30c r1=0c69a470 r2=0cd1d4e4 r3=00008299 sp=0cc82640 lr=00072980
NIE7 pc=00046298 CBufferList::GetSize r0=0c69a470 r1=0c69a470 r2=ffffffff r3=ffffffff sp=0cc82528 lr=6008ad30
TCPDIAG native SendBuffer r1=0cd19f28 r2=60
TCPDIAG native SendPacket addr=0cd19f28 size=60
TCPDIAG native frame 00 fa c0 a8 01 01 58 b0 35 77 d7 22 08 00 45 00 00 2e 00 4e 00 00 40 06 ae 7f c0 a8 01 2a 0a 2a 00 01 82 af 46 a1 0e cb cd 80 00 00 00 79 50 10 10 00 84 16 00 00 50 4f 4c 4c 0d 0a
TCPDIAG state=kStateConnected size=60 iptotal=46 iphdr=20 tcphdr=20 payload=6 flags=0x010 seq=248237440 ack=121 src=33455 dst=18081
TCPDIAG host-send requested=6 sent=6 errno=0
NIE7 pc=00046298 CBufferList::GetSize r0=0c69a470 r1=00010064 r2=0cd215f4 r3=0cd21a13 sp=0cc82618 lr=6009be90
NIE7 pc=00135904 TNewScriptEndpointClient::SndComplete r0=0c699d50 r1=0cced958 r2=0001f26c r3=0cced958 sp=0cced8c4 lr=001386e4
TCPDIAG inbound frame 58 b0 35 77 d7 22 00 fa c0 a8 01 01 08 00 45 00 00 28 04 03 00 00 40 06 aa d0 0a 2a 00 01 c0 a8 01 2a 46 a1 82 af 00 00 00 88 0e cb cd 80 50 10 10 00 2d b3 00 00
TCPDIAG native SendBuffer r1=0cd19f28 r2=54
TCPDIAG native SendPacket addr=0cd19f28 size=54
TCPDIAG native frame 00 fa c0 a8 01 01 58 b0 35 77 d7 22 08 00 45 00 00 28 00 4f 00 00 40 06 ae 84 c0 a8 01 2a 0a 2a 00 01 82 af 46 a1 0e cb cd 86 00 00 00 88 50 10 10 00 2d ad 00 00
TCPDIAG state=kStateConnected size=54 iptotal=40 iphdr=20 tcphdr=20 payload=0 flags=0x010 seq=248237446 ack=136 src=33455 dst=18081
TCPDIAG inbound frame 58 b0 35 77 d7 22 00 fa c0 a8 01 01 08 00 45 00 00 28 04 04 00 00 40 06 aa cf 0a 2a 00 01 c0 a8 01 2a 46 a1 82 af 00 00 00 88 0e cb cd 86 50 10 10 00 2d ad 00 00
TCPDIAG inbound frame 58 b0 35 77 d7 22 00 fa c0 a8 01 01 08 00 45 00 00 28 03 ef 00 00 40 06 aa e4 0a 2a 00 01 c0 a8 01 2a 46 a1 80 cf 00 00 00 bc 0f 34 6d 72 50 11 10 00 8f 03 00 00
TCPDIAG native SendBuffer r1=0cd19f28 r2=54
TCPDIAG native SendPacket addr=0cd19f28 size=54
TCPDIAG native frame 00 fa c0 a8 01 01 58 b0 35 77 d7 22 08 00 45 00 00 28 00 50 00 00 40 06 ae 83 c0 a8 01 2a 0a 2a 00 01 80 cf 46 a1 0f 34 6d 72 00 00 00 bd 50 10 10 00 8f 03 00 00
TCPDIAG state=kStatePeerDiscWaitForACK size=54 iptotal=40 iphdr=20 tcphdr=20 payload=0 flags=0x010 seq=255094130 ack=189 src=32975 dst=18081
NIE7 pc=00045d74 CBufferList::Putn r0=0c697d50 r1=0cd205f4 r2=00000000 r3=0cd184b4 sp=0cc8257c lr=6009c7b0
NIE7 pc=00046298 CBufferList::GetSize r0=0c697d50 r1=0c697d50 r2=00010064 r3=00008ee9 sp=0cc82620 lr=6009c4b8
[emulator-control] 10.89.10.6 "GET /screen.png HTTP/1.1" 200 -
TCPDIAG inbound frame 58 b0 35 77 d7 22 00 fa c0 a8 01 01 08 00 45 00 00 37 04 05 00 00 40 06 aa bf 0a 2a 00 01 c0 a8 01 2a 46 a1 82 af 00 00 00 88 0e cb cd 86 50 10 10 00 fd e3 00 00 54 4f 4f 4c 53 20 30 20 70 69 6e 67 20 0d 0a
NIE7 pc=00045d74 CBufferList::Putn r0=0c69a310 r1=0cd1f5e4 r2=0000000f r3=0cd1824c sp=0cc8257c lr=6009c7b0
NIE7 pc=00134fdc TNewScriptEndpointClient::DoOutput r0=0c699d50 r1=0ce8b03c r2=0cced4f0 r3=0ce8b044 sp=0cced4f0 lr=00139010
NIE7 pc=00135440 TNewScriptEndpointClient::OutputData r0=0c699d50 r1=0ce8b03c r2=00000003 r3=00000000 sp=0cced4a8 lr=00135220
NIE7 pc=00382bbc TEndpoint::nSnd(raw) r0=0c69a0ec r1=0c6993e4 r2=0cced468 r3=00000001 sp=0cced45c lr=00135560
NIE7 pc=00383854 PConnectionEnd::PutBytesStart r0=0cd1d30c r1=0c69a470 r2=0cd1d4e4 r3=00008299 sp=0cc82640 lr=00072980
NIE7 pc=00046298 CBufferList::GetSize r0=0c69a470 r1=0c69a470 r2=ffffffff r3=ffffffff sp=0cc82528 lr=6008ad30
TCPDIAG native SendBuffer r1=0cd19f28 r2=71
TCPDIAG native SendPacket addr=0cd19f28 size=71
TCPDIAG native frame 00 fa c0 a8 01 01 58 b0 35 77 d7 22 08 00 45 00 00 39 00 51 00 00 40 06 ae 71 c0 a8 01 2a 0a 2a 00 01 82 af 46 a1 0e cb cd 86 00 00 00 88 50 10 10 00 b9 43 00 00 30 0d 0a 72 65 73 75 6c 74 0d 0a 70 6f 6e 67 0d 0a
TCPDIAG state=kStateConnectedWaitACK size=71 iptotal=57 iphdr=20 tcphdr=20 payload=17 flags=0x010 seq=248237446 ack=136 src=33455 dst=18081
TCPDIAG host-send requested=17 sent=17 errno=0
NIE7 pc=00046298 CBufferList::GetSize r0=0c69a470 r1=00010024 r2=0cd215f4 r3=0cd21a13 sp=0cc82618 lr=6009be90
NIE7 pc=00046298 CBufferList::GetSize r0=0c69a310 r1=0c69a310 r2=00010064 r3=00008299 sp=0cc82620 lr=6009c4b8
NIE7 pc=00135904 TNewScriptEndpointClient::SndComplete r0=0c699d50 r1=0cced958 r2=0001f26c r3=0cced958 sp=0cced8c4 lr=001386e4
NIE7 pc=00134fdc TNewScriptEndpointClient::DoOutput r0=0c699d50 r1=0ce8b00c r2=0cced514 r3=0ce8b014 sp=0cced514 lr=00139010
NIE7 pc=00135440 TNewScriptEndpointClient::OutputData r0=0c699d50 r1=0ce8b00c r2=00000003 r3=00000000 sp=0cced4cc lr=00135220
NIE7 pc=00382bbc TEndpoint::nSnd(raw) r0=0c69a0ec r1=0c6985bc r2=0cced48c r3=00000001 sp=0cced480 lr=00135560
NIE7 pc=00383854 PConnectionEnd::PutBytesStart r0=0cd1d30c r1=0c69a470 r2=0cd1d4e4 r3=00008299 sp=0cc82640 lr=00072980
NIE7 pc=00046298 CBufferList::GetSize r0=0c69a470 r1=0c69a470 r2=ffffffff r3=ffffffff sp=0cc82528 lr=6008ad30
TCPDIAG native SendBuffer r1=0cd19f28 r2=60
TCPDIAG native SendPacket addr=0cd19f28 size=60
TCPDIAG native frame 00 fa c0 a8 01 01 58 b0 35 77 d7 22 08 00 45 00 00 2e 00 52 00 00 40 06 ae 7b c0 a8 01 2a 0a 2a 00 01 82 af 46 a1 0e cb cd 97 00 00 00 88 50 10 10 00 83 f0 00 00 50 4f 4c 4c 0d 0a
TCPDIAG state=kStateConnected size=60 iptotal=46 iphdr=20 tcphdr=20 payload=6 flags=0x010 seq=248237463 ack=136 src=33455 dst=18081
TCPDIAG host-send requested=6 sent=6 errno=0
NIE7 pc=00046298 CBufferList::GetSize r0=0c69a470 r1=00010064 r2=0cd215f4 r3=0cd21a13 sp=0cc82618 lr=6009be90
NIE7 pc=00135904 TNewScriptEndpointClient::SndComplete r0=0c699d50 r1=0cced958 r2=0001f26c r3=0cced958 sp=0cced8c4 lr=001386e4
TCPDIAG inbound frame 58 b0 35 77 d7 22 00 fa c0 a8 01 01 08 00 45 00 00 28 04 06 00 00 40 06 aa cd 0a 2a 00 01 c0 a8 01 2a 46 a1 82 af 00 00 00 97 0e cb cd 97 50 10 10 00 2d 8d 00 00
TCPDIAG native SendBuffer r1=0cd19f28 r2=54
TCPDIAG native SendPacket addr=0cd19f28 size=54
TCPDIAG native frame 00 fa c0 a8 01 01 58 b0 35 77 d7 22 08 00 45 00 00 28 00 53 00 00 40 06 ae 80 c0 a8 01 2a 0a 2a 00 01 82 af 46 a1 0e cb cd 9d 00 00 00 97 50 10 10 00 2d 87 00 00
TCPDIAG state=kStateConnected size=54 iptotal=40 iphdr=20 tcphdr=20 payload=0 flags=0x010 seq=248237469 ack=151 src=33455 dst=18081
TCPDIAG inbound frame 58 b0 35 77 d7 22 00 fa c0 a8 01 01 08 00 45 00 00 28 04 07 00 00 40 06 aa cc 0a 2a 00 01 c0 a8 01 2a 46 a1 82 af 00 00 00 97 0e cb cd 9d 50 10 10 00 2d 87 00 00
TCPDIAG native SendBuffer r1=0cd19f28 r2=54
TCPDIAG native SendPacket addr=0cd19f28 size=54
TCPDIAG native frame 00 fa c0 a8 01 01 58 b0 35 77 d7 22 08 00 45 00 00 28 00 54 00 00 40 06 ae 7f c0 a8 01 2a 0a 2a 00 01 80 cf 46 a1 0f 34 6d 72 00 00 00 bd 50 11 10 00 8f 02 00 00
TCPDIAG state=kStatePeerDiscWaitForFIN size=54 iptotal=40 iphdr=20 tcphdr=20 payload=0 flags=0x011 seq=255094130 ack=189 src=32975 dst=18081
TCPDIAG inbound frame 58 b0 35 77 d7 22 00 fa c0 a8 01 01 08 00 45 00 00 28 03 f0 00 00 40 06 aa e3 0a 2a 00 01 c0 a8 01 2a 46 a1 80 cf 00 00 00 bd 0f 34 6d 73 50 04 10 00 8f 0e 00 00
TCPDIAG native SendBuffer r1=0cd19f28 r2=58
TCPDIAG native SendPacket addr=0cd19f28 size=58
TCPDIAG native frame 00 fa c0 a8 01 01 58 b0 35 77 d7 22 08 00 45 00 00 2c 00 55 00 00 40 06 ae 7a c0 a8 01 2a 0a 2a 00 01 81 57 46 a1 0f 4f c9 c0 00 00 00 00 60 02 10 00 1b 21 00 00 02 04 05 b4
TCPDIAG state=kStateDisconnected size=58 iptotal=44 iphdr=20 tcphdr=24 payload=0 flags=0x002 seq=256887232 ack=0 src=33111 dst=18081
TCPDIAG inbound frame 58 b0 35 77 d7 22 00 fa c0 a8 01 01 08 00 45 00 00 2c 03 e8 00 00 40 06 aa e7 0a 2a 00 01 c0 a8 01 2a 46 a1 81 57 00 00 00 00 0f 4f c9 c1 60 12 10 00 1b 10 00 00 02 04 05 b4
TCPDIAG native SendBuffer r1=0cd19f28 r2=54
TCPDIAG native SendPacket addr=0cd19f28 size=54
TCPDIAG native frame 00 fa c0 a8 01 01 58 b0 35 77 d7 22 08 00 45 00 00 28 00 56 00 00 40 06 ae 7d c0 a8 01 2a 0a 2a 00 01 81 57 46 a1 0f 4f c9 c1 00 00 00 01 50 10 10 00 32 cd 00 00
TCPDIAG state=kStateConnectionWaitACK size=54 iptotal=40 iphdr=20 tcphdr=20 payload=0 flags=0x010 seq=256887233 ack=1 src=33111 dst=18081
NIE7 pc=00134fdc TNewScriptEndpointClient::DoOutput r0=0c69784c r1=0ce28014 r2=0cd0e554 r3=0ce2801c sp=0cd0e554 lr=00139010
NIE7 pc=00135440 TNewScriptEndpointClient::OutputData r0=0c69784c r1=0ce28014 r2=00000003 r3=00000000 sp=0cd0e50c lr=00135220
NIE7 pc=00382bbc TEndpoint::nSnd(raw) r0=0c697930 r1=0c69b700 r2=0cd0e4cc r3=00000001 sp=0cd0e4c0 lr=00135560
NIE7 pc=00046298 CBufferList::GetSize r0=0c697cd8 r1=0c697cd8 r2=00010064 r3=00009129 sp=0cc82620 lr=6009c4b8
NIE7 pc=00383854 PConnectionEnd::PutBytesStart r0=0cd1e61c r1=0c697f4c r2=0cd1e7f4 r3=00009129 sp=0cc82640 lr=00072980
NIE7 pc=00046298 CBufferList::GetSize r0=0c697f4c r1=0c697f4c r2=ffffffff r3=ffffffff sp=0cc82528 lr=6008ad30
TCPDIAG native SendBuffer r1=0cd19f28 r2=1514
TCPDIAG native SendPacket addr=0cd19f28 size=1514
TCPDIAG state=kStateConnected size=1514 iptotal=1500 iphdr=20 tcphdr=20 payload=1460 flags=0x010 seq=256887233 ack=1 src=33111 dst=18081
TCPDIAG host-send requested=1460 sent=1460 errno=0
TCPDIAG native SendBuffer r1=0cd19f28 r2=1514
TCPDIAG native SendPacket addr=0cd19f28 size=1514
TCPDIAG state=kStateConnected size=1514 iptotal=1500 iphdr=20 tcphdr=20 payload=1460 flags=0x010 seq=256888693 ack=1 src=33111 dst=18081
TCPDIAG host-send requested=1460 sent=1460 errno=0
NIE7 pc=00046298 CBufferList::GetSize r0=0c697f4c r1=00010064 r2=0cd2331c r3=0cd2373b sp=0cc82618 lr=6009be90
NIE7 pc=00135904 TNewScriptEndpointClient::SndComplete r0=0c69784c r1=0cd0e958 r2=0001f26c r3=0cd0e958 sp=0cd0e8c4 lr=001386e4
TCPDIAG inbound frame 58 b0 35 77 d7 22 00 fa c0 a8 01 01 08 00 45 00 00 28 03 e9 00 00 40 06 aa ea 0a 2a 00 01 c0 a8 01 2a 46 a1 81 57 00 00 00 01 0f 4f cf 75 50 10 10 00 2d 19 00 00
TCPDIAG native SendBuffer r1=0cd19f28 r2=1514
TCPDIAG native SendPacket addr=0cd19f28 size=1514
TCPDIAG state=kStateConnected size=1514 iptotal=1500 iphdr=20 tcphdr=20 payload=1460 flags=0x010 seq=256890153 ack=1 src=33111 dst=18081
TCPDIAG host-send requested=1460 sent=1460 errno=0
TCPDIAG inbound frame 58 b0 35 77 d7 22 00 fa c0 a8 01 01 08 00 45 00 00 28 03 ea 00 00 40 06 aa e9 0a 2a 00 01 c0 a8 01 2a 46 a1 81 57 00 00 00 01 0f 4f d5 29 50 10 10 00 27 65 00 00
TCPDIAG native SendBuffer r1=0cd19f28 r2=1514
TCPDIAG native SendPacket addr=0cd19f28 size=1514
TCPDIAG state=kStateConnected size=1514 iptotal=1500 iphdr=20 tcphdr=20 payload=1460 flags=0x010 seq=256891613 ack=1 src=33111 dst=18081
TCPDIAG host-send requested=1460 sent=1460 errno=0
TCPDIAG native SendBuffer r1=0cd19f28 r2=1113
TCPDIAG native SendPacket addr=0cd19f28 size=1113
TCPDIAG state=kStateConnected size=1113 iptotal=1099 iphdr=20 tcphdr=20 payload=1059 flags=0x010 seq=256893073 ack=1 src=33111 dst=18081
TCPDIAG host-send requested=1059 sent=1059 errno=0
TCPDIAG inbound frame 58 b0 35 77 d7 22 00 fa c0 a8 01 01 08 00 45 00 00 28 03 eb 00 00 40 06 aa e8 0a 2a 00 01 c0 a8 01 2a 46 a1 81 57 00 00 00 01 0f 4f da dd 50 10 10 00 21 b1 00 00
TCPDIAG inbound frame 58 b0 35 77 d7 22 00 fa c0 a8 01 01 08 00 45 00 00 28 03 ec 00 00 40 06 aa e7 0a 2a 00 01 c0 a8 01 2a 46 a1 81 57 00 00 00 01 0f 4f e0 91 50 10 10 00 1b fd 00 00
TCPDIAG inbound frame 58 b0 35 77 d7 22 00 fa c0 a8 01 01 08 00 45 00 00 28 03 ed 00 00 40 06 aa e6 0a 2a 00 01 c0 a8 01 2a 46 a1 81 57 00 00 00 01 0f 4f e4 b4 50 10 10 00 17 da 00 00
NIE7 pc=00045d74 CBufferList::Putn r0=0c697cd8 r1=0cd205f4 r2=000000bb r3=0cd184b4 sp=0cc8257c lr=6009c7b0
NIE7 pc=00046298 CBufferList::GetSize r0=0c697cd8 r1=0c697cd8 r2=00010064 r3=00009129 sp=0cc82620 lr=6009c4b8
[emulator-control] 127.0.0.1 "GET /health HTTP/1.1" 200 -
TCPDIAG native SendBuffer r1=0cd19f28 r2=54
TCPDIAG native SendPacket addr=0cd19f28 size=54
TCPDIAG native frame 00 fa c0 a8 01 01 58 b0 35 77 d7 22 08 00 45 00 00 28 00 5c 00 00 40 06 ae 77 c0 a8 01 2a 0a 2a 00 01 81 57 46 a1 0f 4f e4 b4 00 00 00 bc 50 10 10 00 17 1f 00 00
TCPDIAG state=kStateConnectedWaitACK size=54 iptotal=40 iphdr=20 tcphdr=20 payload=0 flags=0x010 seq=256894132 ack=188 src=33111 dst=18081
TCPDIAG inbound frame 58 b0 35 77 d7 22 00 fa c0 a8 01 01 08 00 45 00 00 37 04 08 00 00 40 06 aa bc 0a 2a 00 01 c0 a8 01 2a 46 a1 82 af 00 00 00 97 0e cb cd 9d 50 10 10 00 fd bd 00 00 54 4f 4f 4c 53 20 30 20 70 69 6e 67 20 0d 0a
NIE7 pc=00045d74 CBufferList::Putn r0=0c69a310 r1=0cd1f5e4 r2=0000000f r3=0cd1824c sp=0cc8257c lr=6009c7b0
NIE7 pc=00134fdc TNewScriptEndpointClient::DoOutput r0=0c699d50 r1=0ce2803c r2=0cd0e4f0 r3=0ce28044 sp=0cd0e4f0 lr=00139010
NIE7 pc=00135440 TNewScriptEndpointClient::OutputData r0=0c699d50 r1=0ce2803c r2=00000003 r3=00000000 sp=0cd0e4a8 lr=00135220
NIE7 pc=00382bbc TEndpoint::nSnd(raw) r0=0c69a0ec r1=0c699278 r2=0cd0e468 r3=00000001 sp=0cd0e45c lr=00135560
NIE7 pc=00383854 PConnectionEnd::PutBytesStart r0=0cd1d30c r1=0c69a470 r2=0cd1d4e4 r3=00008299 sp=0cc82640 lr=00072980
NIE7 pc=00046298 CBufferList::GetSize r0=0c69a470 r1=0c69a470 r2=ffffffff r3=ffffffff sp=0cc82528 lr=6008ad30
TCPDIAG native SendBuffer r1=0cd19f28 r2=71
TCPDIAG native SendPacket addr=0cd19f28 size=71
TCPDIAG native frame 00 fa c0 a8 01 01 58 b0 35 77 d7 22 08 00 45 00 00 39 00 5d 00 00 40 06 ae 65 c0 a8 01 2a 0a 2a 00 01 82 af 46 a1 0e cb cd 9d 00 00 00 97 50 10 10 00 b9 1d 00 00 30 0d 0a 72 65 73 75 6c 74 0d 0a 70 6f 6e 67 0d 0a
TCPDIAG state=kStateConnectedWaitACK size=71 iptotal=57 iphdr=20 tcphdr=20 payload=17 flags=0x010 seq=248237469 ack=151 src=33455 dst=18081
TCPDIAG host-send requested=17 sent=17 errno=0
NIE7 pc=00046298 CBufferList::GetSize r0=0c69a470 r1=00010024 r2=0cd215f4 r3=0cd21a13 sp=0cc82618 lr=6009be90
NIE7 pc=00046298 CBufferList::GetSize r0=0c69a310 r1=0c69a310 r2=00010064 r3=00008299 sp=0cc82620 lr=6009c4b8
NIE7 pc=00135904 TNewScriptEndpointClient::SndComplete r0=0c699d50 r1=0cd0e958 r2=0001f26c r3=0cd0e958 sp=0cd0e8c4 lr=001386e4
NIE7 pc=00134fdc TNewScriptEndpointClient::DoOutput r0=0c699d50 r1=0ce2800c r2=0cd0e514 r3=0ce28014 sp=0cd0e514 lr=00139010
NIE7 pc=00135440 TNewScriptEndpointClient::OutputData r0=0c699d50 r1=0ce2800c r2=00000003 r3=00000000 sp=0cd0e4cc lr=00135220
NIE7 pc=00382bbc TEndpoint::nSnd(raw) r0=0c69a0ec r1=0c69839c r2=0cd0e48c r3=00000001 sp=0cd0e480 lr=00135560
NIE7 pc=00383854 PConnectionEnd::PutBytesStart r0=0cd1d30c r1=0c69a470 r2=0cd1d4e4 r3=00008299 sp=0cc82640 lr=00072980
NIE7 pc=00046298 CBufferList::GetSize r0=0c69a470 r1=0c69a470 r2=ffffffff r3=ffffffff sp=0cc82528 lr=6008ad30
TCPDIAG native SendBuffer r1=0cd19f28 r2=60
TCPDIAG native SendPacket addr=0cd19f28 size=60
TCPDIAG native frame 00 fa c0 a8 01 01 58 b0 35 77 d7 22 08 00 45 00 00 2e 00 5e 00 00 40 06 ae 6f c0 a8 01 2a 0a 2a 00 01 82 af 46 a1 0e cb cd ae 00 00 00 97 50 10 10 00 83 ca 00 00 50 4f 4c 4c 0d 0a
TCPDIAG state=kStateConnected size=60 iptotal=46 iphdr=20 tcphdr=20 payload=6 flags=0x010 seq=248237486 ack=151 src=33455 dst=18081
TCPDIAG host-send requested=6 sent=6 errno=0
NIE7 pc=00046298 CBufferList::GetSize r0=0c69a470 r1=00010064 r2=0cd215f4 r3=0cd21a13 sp=0cc82618 lr=6009be90
NIE7 pc=00135904 TNewScriptEndpointClient::SndComplete r0=0c699d50 r1=0cd0e958 r2=0001f26c r3=0cd0e958 sp=0cd0e8c4 lr=001386e4
TCPDIAG native SendBuffer r1=0cd19f28 r2=54
TCPDIAG native SendPacket addr=0cd19f28 size=54
TCPDIAG native frame 00 fa c0 a8 01 01 58 b0 35 77 d7 22 08 00 45 00 00 28 00 5f 00 00 40 06 ae 74 c0 a8 01 2a 0a 2a 00 01 82 af 46 a1 0e cb cd b4 00 00 00 a6 50 10 10 00 2d 61 00 00
TCPDIAG state=kStateConnected size=54 iptotal=40 iphdr=20 tcphdr=20 payload=0 flags=0x010 seq=248237492 ack=166 src=33455 dst=18081
TCPDIAG inbound frame 58 b0 35 77 d7 22 00 fa c0 a8 01 01 08 00 45 00 00 28 04 09 00 00 40 06 aa ca 0a 2a 00 01 c0 a8 01 2a 46 a1 82 af 00 00 00 a6 0e cb cd ae 50 10 10 00 2d 67 00 00
TCPDIAG inbound frame 58 b0 35 77 d7 22 00 fa c0 a8 01 01 08 00 45 00 00 28 04 0a 00 00 40 06 aa c9 0a 2a 00 01 c0 a8 01 2a 46 a1 82 af 00 00 00 a6 0e cb cd b4 50 10 10 00 2d 61 00 00
TCPDIAG inbound frame 58 b0 35 77 d7 22 00 fa c0 a8 01 01 08 00 45 00 00 28 03 ef 00 00 40 06 aa e4 0a 2a 00 01 c0 a8 01 2a 46 a1 81 57 00 00 00 bc 0f 4f e4 b4 50 11 10 00 17 1e 00 00
TCPDIAG native SendBuffer r1=0cd19f28 r2=54
TCPDIAG native SendPacket addr=0cd19f28 size=54
TCPDIAG native frame 00 fa c0 a8 01 01 58 b0 35 77 d7 22 08 00 45 00 00 28 00 60 00 00 40 06 ae 73 c0 a8 01 2a 0a 2a 00 01 81 57 46 a1 0f 4f e4 b4 00 00 00 bd 50 10 10 00 17 1e 00 00
TCPDIAG state=kStatePeerDiscWaitForACK size=54 iptotal=40 iphdr=20 tcphdr=20 payload=0 flags=0x010 seq=256894132 ack=189 src=33111 dst=18081
NIE7 pc=00045d74 CBufferList::Putn r0=0c697cd8 r1=0cd205f4 r2=00000000 r3=0cd184b4 sp=0cc8257c lr=6009c7b0
NIE7 pc=00046298 CBufferList::GetSize r0=0c697cd8 r1=0c697cd8 r2=00010064 r3=00009129 sp=0cc82620 lr=6009c4b8
TCPDIAG inbound frame 58 b0 35 77 d7 22 00 fa c0 a8 01 01 08 00 45 00 00 37 04 0b 00 00 40 06 aa b9 0a 2a 00 01 c0 a8 01 2a 46 a1 82 af 00 00 00 a6 0e cb cd b4 50 10 10 00 fd 97 00 00 54 4f 4f 4c 53 20 30 20 70 69 6e 67 20 0d 0a
NIE7 pc=00045d74 CBufferList::Putn r0=0c69a310 r1=0cd1f5e4 r2=0000000f r3=0cd1824c sp=0cc8257c lr=6009c7b0
NIE7 pc=00134fdc TNewScriptEndpointClient::DoOutput r0=0c699d50 r1=0ce2803c r2=0cd0e4f0 r3=0ce28044 sp=0cd0e4f0 lr=00139010
NIE7 pc=00135440 TNewScriptEndpointClient::OutputData r0=0c699d50 r1=0ce2803c r2=00000003 r3=00000000 sp=0cd0e4a8 lr=00135220
NIE7 pc=00382bbc TEndpoint::nSnd(raw) r0=0c69a0ec r1=0c699278 r2=0cd0e468 r3=00000001 sp=0cd0e45c lr=00135560
NIE7 pc=00383854 PConnectionEnd::PutBytesStart r0=0cd1d30c r1=0c69a470 r2=0cd1d4e4 r3=00008299 sp=0cc82640 lr=00072980
NIE7 pc=00046298 CBufferList::GetSize r0=0c69a470 r1=0c69a470 r2=ffffffff r3=ffffffff sp=0cc82528 lr=6008ad30
TCPDIAG native SendBuffer r1=0cd19f28 r2=71
TCPDIAG native SendPacket addr=0cd19f28 size=71
TCPDIAG native frame 00 fa c0 a8 01 01 58 b0 35 77 d7 22 08 00 45 00 00 39 00 61 00 00 40 06 ae 61 c0 a8 01 2a 0a 2a 00 01 82 af 46 a1 0e cb cd b4 00 00 00 a6 50 10 10 00 b8 f7 00 00 30 0d 0a 72 65 73 75 6c 74 0d 0a 70 6f 6e 67 0d 0a
TCPDIAG state=kStateConnectedWaitACK size=71 iptotal=57 iphdr=20 tcphdr=20 payload=17 flags=0x010 seq=248237492 ack=166 src=33455 dst=18081
TCPDIAG host-send requested=17 sent=17 errno=0
NIE7 pc=00046298 CBufferList::GetSize r0=0c69a470 r1=00010024 r2=0cd215f4 r3=0cd21a13 sp=0cc82618 lr=6009be90
NIE7 pc=00046298 CBufferList::GetSize r0=0c69a310 r1=0c69a310 r2=00010064 r3=00008299 sp=0cc82620 lr=6009c4b8
NIE7 pc=00135904 TNewScriptEndpointClient::SndComplete r0=0c699d50 r1=0cd0e958 r2=0001f26c r3=0cd0e958 sp=0cd0e8c4 lr=001386e4
NIE7 pc=00134fdc TNewScriptEndpointClient::DoOutput r0=0c699d50 r1=0ce2800c r2=0cd0e514 r3=0ce28014 sp=0cd0e514 lr=00139010
NIE7 pc=00135440 TNewScriptEndpointClient::OutputData r0=0c699d50 r1=0ce2800c r2=00000003 r3=00000000 sp=0cd0e4cc lr=00135220
NIE7 pc=00382bbc TEndpoint::nSnd(raw) r0=0c69a0ec r1=0c69839c r2=0cd0e48c r3=00000001 sp=0cd0e480 lr=00135560
NIE7 pc=00383854 PConnectionEnd::PutBytesStart r0=0cd1d30c r1=0c69a470 r2=0cd1d4e4 r3=00008299 sp=0cc82640 lr=00072980
NIE7 pc=00046298 CBufferList::GetSize r0=0c69a470 r1=0c69a470 r2=ffffffff r3=ffffffff sp=0cc82528 lr=6008ad30
TCPDIAG native SendBuffer r1=0cd19f28 r2=60
TCPDIAG native SendPacket addr=0cd19f28 size=60
TCPDIAG native frame 00 fa c0 a8 01 01 58 b0 35 77 d7 22 08 00 45 00 00 2e 00 62 00 00 40 06 ae 6b c0 a8 01 2a 0a 2a 00 01 82 af 46 a1 0e cb cd c5 00 00 00 a6 50 10 10 00 83 a4 00 00 50 4f 4c 4c 0d 0a
TCPDIAG state=kStateConnected size=60 iptotal=46 iphdr=20 tcphdr=20 payload=6 flags=0x010 seq=248237509 ack=166 src=33455 dst=18081
TCPDIAG host-send requested=6 sent=6 errno=0
NIE7 pc=00046298 CBufferList::GetSize r0=0c69a470 r1=00010064 r2=0cd215f4 r3=0cd21a13 sp=0cc82618 lr=6009be90
NIE7 pc=00135904 TNewScriptEndpointClient::SndComplete r0=0c699d50 r1=0cd0e958 r2=0001f26c r3=0cd0e958 sp=0cd0e8c4 lr=001386e4
TCPDIAG native SendBuffer r1=0cd19f28 r2=54
TCPDIAG native SendPacket addr=0cd19f28 size=54
TCPDIAG native frame 00 fa c0 a8 01 01 58 b0 35 77 d7 22 08 00 45 00 00 28 00 63 00 00 40 06 ae 70 c0 a8 01 2a 0a 2a 00 01 82 af 46 a1 0e cb cd cb 00 00 00 b5 50 10 10 00 2d 3b 00 00
TCPDIAG state=kStateConnected size=54 iptotal=40 iphdr=20 tcphdr=20 payload=0 flags=0x010 seq=248237515 ack=181 src=33455 dst=18081
TCPDIAG inbound frame 58 b0 35 77 d7 22 00 fa c0 a8 01 01 08 00 45 00 00 28 04 0c 00 00 40 06 aa c7 0a 2a 00 01 c0 a8 01 2a 46 a1 82 af 00 00 00 b5 0e cb cd c5 50 10 10 00 2d 41 00 00
TCPDIAG inbound frame 58 b0 35 77 d7 22 00 fa c0 a8 01 01 08 00 45 00 00 28 04 0d 00 00 40 06 aa c6 0a 2a 00 01 c0 a8 01 2a 46 a1 82 af 00 00 00 b5 0e cb cd cb 50 10 10 00 2d 3b 00 00
[emulator-control] 10.89.10.6 "GET /screen.png HTTP/1.1" 200 -
TCPDIAG native SendBuffer r1=0cd19f28 r2=54
TCPDIAG native SendPacket addr=0cd19f28 size=54
TCPDIAG native frame 00 fa c0 a8 01 01 58 b0 35 77 d7 22 08 00 45 00 00 28 00 64 00 00 40 06 ae 6f c0 a8 01 2a 0a 2a 00 01 81 57 46 a1 0f 4f e4 b4 00 00 00 bd 50 11 10 00 17 1d 00 00
TCPDIAG state=kStatePeerDiscWaitForFIN size=54 iptotal=40 iphdr=20 tcphdr=20 payload=0 flags=0x011 seq=256894132 ack=189 src=33111 dst=18081
TCPDIAG inbound frame 58 b0 35 77 d7 22 00 fa c0 a8 01 01 08 00 45 00 00 28 03 f0 00 00 40 06 aa e3 0a 2a 00 01 c0 a8 01 2a 46 a1 81 57 00 00 00 bd 0f 4f e4 b5 50 04 10 00 17 29 00 00
TCPDIAG native SendBuffer r1=0cd19f28 r2=58
TCPDIAG native SendPacket addr=0cd19f28 size=58
TCPDIAG native frame 00 fa c0 a8 01 01 58 b0 35 77 d7 22 08 00 45 00 00 2c 00 65 00 00 40 06 ae 6a c0 a8 01 2a 0a 2a 00 01 83 10 46 a1 0f 6b a2 a8 00 00 00 00 60 02 10 00 40 64 00 00 02 04 05 b4
TCPDIAG state=kStateDisconnected size=58 iptotal=44 iphdr=20 tcphdr=24 payload=0 flags=0x002 seq=258712232 ack=0 src=33552 dst=18081
TCPDIAG inbound frame 58 b0 35 77 d7 22 00 fa c0 a8 01 01 08 00 45 00 00 2c 03 e8 00 00 40 06 aa e7 0a 2a 00 01 c0 a8 01 2a 46 a1 83 10 00 00 00 00 0f 6b a2 a9 60 12 10 00 40 53 00 00 02 04 05 b4
TCPDIAG native SendBuffer r1=0cd19f28 r2=54
TCPDIAG native SendPacket addr=0cd19f28 size=54
TCPDIAG native frame 00 fa c0 a8 01 01 58 b0 35 77 d7 22 08 00 45 00 00 28 00 66 00 00 40 06 ae 6d c0 a8 01 2a 0a 2a 00 01 83 10 46 a1 0f 6b a2 a9 00 00 00 01 50 10 10 00 58 10 00 00
TCPDIAG state=kStateConnectionWaitACK size=54 iptotal=40 iphdr=20 tcphdr=20 payload=0 flags=0x010 seq=258712233 ack=1 src=33552 dst=18081
NIE7 pc=00134fdc TNewScriptEndpointClient::DoOutput r0=0c69784c r1=0ce8b014 r2=0cced554 r3=0ce8b01c sp=0cced554 lr=00139010
NIE7 pc=00135440 TNewScriptEndpointClient::OutputData r0=0c69784c r1=0ce8b014 r2=00000003 r3=00000000 sp=0cced50c lr=00135220
NIE7 pc=00382bbc TEndpoint::nSnd(raw) r0=0c697738 r1=0c69b740 r2=0cced4cc r3=00000001 sp=0cced4c0 lr=00135560
NIE7 pc=00046298 CBufferList::GetSize r0=0c697d48 r1=0c697d48 r2=00010064 r3=00009369 sp=0cc82620 lr=6009c4b8
NIE7 pc=00383854 PConnectionEnd::PutBytesStart r0=0cd1e61c r1=0c697f20 r2=0cd1e7f4 r3=00009369 sp=0cc82640 lr=00072980
NIE7 pc=00046298 CBufferList::GetSize r0=0c697f20 r1=0c697f20 r2=ffffffff r3=ffffffff sp=0cc82528 lr=6008ad30
TCPDIAG native SendBuffer r1=0cd19f28 r2=1514
TCPDIAG native SendPacket addr=0cd19f28 size=1514
TCPDIAG state=kStateConnected size=1514 iptotal=1500 iphdr=20 tcphdr=20 payload=1460 flags=0x010 seq=258712233 ack=1 src=33552 dst=18081
TCPDIAG host-send requested=1460 sent=1460 errno=0
TCPDIAG native SendBuffer r1=0cd19f28 r2=1514
TCPDIAG native SendPacket addr=0cd19f28 size=1514
TCPDIAG state=kStateConnected size=1514 iptotal=1500 iphdr=20 tcphdr=20 payload=1460 flags=0x010 seq=258713693 ack=1 src=33552 dst=18081
TCPDIAG host-send requested=1460 sent=1460 errno=0
NIE7 pc=00046298 CBufferList::GetSize r0=0c697f20 r1=00010064 r2=0cd23320 r3=0cd2373f sp=0cc82618 lr=6009be90
NIE7 pc=00135904 TNewScriptEndpointClient::SndComplete r0=0c69784c r1=0cced958 r2=0001f26c r3=0cced958 sp=0cced8c4 lr=001386e4
TCPDIAG inbound frame 58 b0 35 77 d7 22 00 fa c0 a8 01 01 08 00 45 00 00 28 03 e9 00 00 40 06 aa ea 0a 2a 00 01 c0 a8 01 2a 46 a1 83 10 00 00 00 01 0f 6b a8 5d 50 10 10 00 52 5c 00 00
TCPDIAG native SendBuffer r1=0cd19f28 r2=1514
TCPDIAG native SendPacket addr=0cd19f28 size=1514
TCPDIAG state=kStateConnected size=1514 iptotal=1500 iphdr=20 tcphdr=20 payload=1460 flags=0x010 seq=258715153 ack=1 src=33552 dst=18081
TCPDIAG host-send requested=1460 sent=1460 errno=0
TCPDIAG inbound frame 58 b0 35 77 d7 22 00 fa c0 a8 01 01 08 00 45 00 00 28 03 ea 00 00 40 06 aa e9 0a 2a 00 01 c0 a8 01 2a 46 a1 83 10 00 00 00 01 0f 6b ae 11 50 10 10 00 4c a8 00 00
TCPDIAG native SendBuffer r1=0cd19f28 r2=1514
TCPDIAG native SendPacket addr=0cd19f28 size=1514
TCPDIAG state=kStateConnected size=1514 iptotal=1500 iphdr=20 tcphdr=20 payload=1460 flags=0x010 seq=258716613 ack=1 src=33552 dst=18081
TCPDIAG host-send requested=1460 sent=1460 errno=0
TCPDIAG native SendBuffer r1=0cd19f28 r2=1115
TCPDIAG native SendPacket addr=0cd19f28 size=1115
TCPDIAG state=kStateConnected size=1115 iptotal=1101 iphdr=20 tcphdr=20 payload=1061 flags=0x010 seq=258718073 ack=1 src=33552 dst=18081
TCPDIAG host-send requested=1061 sent=1061 errno=0
TCPDIAG inbound frame 58 b0 35 77 d7 22 00 fa c0 a8 01 01 08 00 45 00 00 28 03 eb 00 00 40 06 aa e8 0a 2a 00 01 c0 a8 01 2a 46 a1 83 10 00 00 00 01 0f 6b b3 c5 50 10 10 00 46 f4 00 00
TCPDIAG inbound frame 58 b0 35 77 d7 22 00 fa c0 a8 01 01 08 00 45 00 00 28 03 ec 00 00 40 06 aa e7 0a 2a 00 01 c0 a8 01 2a 46 a1 83 10 00 00 00 01 0f 6b b9 79 50 10 10 00 41 40 00 00
TCPDIAG inbound frame 58 b0 35 77 d7 22 00 fa c0 a8 01 01 08 00 45 00 00 28 03 ed 00 00 40 06 aa e6 0a 2a 00 01 c0 a8 01 2a 46 a1 83 10 00 00 00 01 0f 6b bd 9e 50 10 10 00 3d 1b 00 00
NIE7 pc=00045d74 CBufferList::Putn r0=0c697d48 r1=0cd205f4 r2=000000bb r3=0cd184b4 sp=0cc8257c lr=6009c7b0
NIE7 pc=00046298 CBufferList::GetSize r0=0c697d48 r1=0c697d48 r2=00010064 r3=00009369 sp=0cc82620 lr=6009c4b8
TCPDIAG inbound frame 58 b0 35 77 d7 22 00 fa c0 a8 01 01 08 00 45 00 00 37 04 0e 00 00 40 06 aa b6 0a 2a 00 01 c0 a8 01 2a 46 a1 82 af 00 00 00 b5 0e cb cd cb 50 10 10 00 fd 71 00 00 54 4f 4f 4c 53 20 30 20 70 69 6e 67 20 0d 0a
NIE7 pc=00045d74 CBufferList::Putn r0=0c69a310 r1=0cd1f5e4 r2=0000000f r3=0cd1824c sp=0cc8257c lr=6009c7b0
NIE7 pc=00134fdc TNewScriptEndpointClient::DoOutput r0=0c699d50 r1=0ce8b03c r2=0cced4f0 r3=0ce8b044 sp=0cced4f0 lr=00139010
NIE7 pc=00135440 TNewScriptEndpointClient::OutputData r0=0c699d50 r1=0ce8b03c r2=00000003 r3=00000000 sp=0cced4a8 lr=00135220
NIE7 pc=00382bbc TEndpoint::nSnd(raw) r0=0c69a0ec r1=0c6993e4 r2=0cced468 r3=00000001 sp=0cced45c lr=00135560
NIE7 pc=00383854 PConnectionEnd::PutBytesStart r0=0cd1d30c r1=0c69a470 r2=0cd1d4e4 r3=00008299 sp=0cc82640 lr=00072980
NIE7 pc=00046298 CBufferList::GetSize r0=0c69a470 r1=0c69a470 r2=ffffffff r3=ffffffff sp=0cc82528 lr=6008ad30
TCPDIAG native SendBuffer r1=0cd19f28 r2=71
TCPDIAG native SendPacket addr=0cd19f28 size=71
TCPDIAG native frame 00 fa c0 a8 01 01 58 b0 35 77 d7 22 08 00 45 00 00 39 00 6c 00 00 40 06 ae 56 c0 a8 01 2a 0a 2a 00 01 82 af 46 a1 0e cb cd cb 00 00 00 b5 50 10 10 00 b8 d1 00 00 30 0d 0a 72 65 73 75 6c 74 0d 0a 70 6f 6e 67 0d 0a
TCPDIAG state=kStateConnectedWaitACK size=71 iptotal=57 iphdr=20 tcphdr=20 payload=17 flags=0x010 seq=248237515 ack=181 src=33455 dst=18081
TCPDIAG host-send requested=17 sent=17 errno=0
NIE7 pc=00046298 CBufferList::GetSize r0=0c69a470 r1=00010024 r2=0cd215f4 r3=0cd21a13 sp=0cc82618 lr=6009be90
TCPDIAG native SendBuffer r1=0cd19f28 r2=54
TCPDIAG native SendPacket addr=0cd19f28 size=54
TCPDIAG native frame 00 fa c0 a8 01 01 58 b0 35 77 d7 22 08 00 45 00 00 28 00 6d 00 00 40 06 ae 66 c0 a8 01 2a 0a 2a 00 01 83 10 46 a1 0f 6b bd 9e 00 00 00 bc 50 10 10 00 3c 60 00 00
TCPDIAG state=kStateConnectedWaitACK size=54 iptotal=40 iphdr=20 tcphdr=20 payload=0 flags=0x010 seq=258719134 ack=188 src=33552 dst=18081
NIE7 pc=00046298 CBufferList::GetSize r0=0c69a310 r1=0c69a310 r2=00010064 r3=00008299 sp=0cc82620 lr=6009c4b8
NIE7 pc=00135904 TNewScriptEndpointClient::SndComplete r0=0c699d50 r1=0cced958 r2=0001f26c r3=0cced958 sp=0cced8c4 lr=001386e4
NIE7 pc=00134fdc TNewScriptEndpointClient::DoOutput r0=0c699d50 r1=0ce8b00c r2=0cced514 r3=0ce8b014 sp=0cced514 lr=00139010
NIE7 pc=00135440 TNewScriptEndpointClient::OutputData r0=0c699d50 r1=0ce8b00c r2=00000003 r3=00000000 sp=0cced4cc lr=00135220
NIE7 pc=00382bbc TEndpoint::nSnd(raw) r0=0c69a0ec r1=0c697dec r2=0cced48c r3=00000001 sp=0cced480 lr=00135560
NIE7 pc=00383854 PConnectionEnd::PutBytesStart r0=0cd1d30c r1=0c69a470 r2=0cd1d4e4 r3=00008299 sp=0cc82640 lr=00072980
NIE7 pc=00046298 CBufferList::GetSize r0=0c69a470 r1=0c69a470 r2=ffffffff r3=ffffffff sp=0cc82528 lr=6008ad30
TCPDIAG native SendBuffer r1=0cd19f28 r2=60
TCPDIAG native SendPacket addr=0cd19f28 size=60
TCPDIAG native frame 00 fa c0 a8 01 01 58 b0 35 77 d7 22 08 00 45 00 00 2e 00 6e 00 00 40 06 ae 5f c0 a8 01 2a 0a 2a 00 01 82 af 46 a1 0e cb cd dc 00 00 00 b5 50 10 10 00 83 7e 00 00 50 4f 4c 4c 0d 0a
TCPDIAG state=kStateConnected size=60 iptotal=46 iphdr=20 tcphdr=20 payload=6 flags=0x010 seq=248237532 ack=181 src=33455 dst=18081
TCPDIAG host-send requested=6 sent=6 errno=0
NIE7 pc=00046298 CBufferList::GetSize r0=0c69a470 r1=00010064 r2=0cd215f4 r3=0cd21a13 sp=0cc82618 lr=6009be90
NIE7 pc=00135904 TNewScriptEndpointClient::SndComplete r0=0c699d50 r1=0cced958 r2=0001f26c r3=0cced958 sp=0cced8c4 lr=001386e4
TCPDIAG native SendBuffer r1=0cd19f28 r2=54
TCPDIAG native SendPacket addr=0cd19f28 size=54
TCPDIAG native frame 00 fa c0 a8 01 01 58 b0 35 77 d7 22 08 00 45 00 00 28 00 6f 00 00 40 06 ae 64 c0 a8 01 2a 0a 2a 00 01 82 af 46 a1 0e cb cd e2 00 00 00 c4 50 10 10 00 2d 15 00 00
TCPDIAG state=kStateConnected size=54 iptotal=40 iphdr=20 tcphdr=20 payload=0 flags=0x010 seq=248237538 ack=196 src=33455 dst=18081
TCPDIAG native SendBuffer r1=0cd19f28 r2=77
TCPDIAG native SendPacket addr=0cd19f28 size=77
TCPDIAG native frame 00 fa c0 a8 01 01 58 b0 35 77 d7 22 08 00 45 00 00 3f 00 70 00 00 40 06 ae 4c c0 a8 01 2a 0a 2a 00 01 82 af 46 a1 0e cb cd cb 00 00 00 c4 50 10 10 00 13 13 00 00 30 0d 0a 72 65 73 75 6c 74 0d 0a 70 6f 6e 67 0d 0a 50 4f 4c 4c 0d 0a
TCPDIAG state=kStateConnected size=77 iptotal=63 iphdr=20 tcphdr=20 payload=23 flags=0x010 seq=248237515 ack=196 src=33455 dst=18081
TCPDIAG host-send requested=23 sent=23 errno=0
TCPDIAG inbound frame 58 b0 35 77 d7 22 00 fa c0 a8 01 01 08 00 45 00 00 28 04 0f 00 00 40 06 aa c4 0a 2a 00 01 c0 a8 01 2a 46 a1 82 af 00 00 00 c4 0e cb cd dc 50 10 10 00 2d 1b 00 00
TCPDIAG inbound frame 58 b0 35 77 d7 22 00 fa c0 a8 01 01 08 00 45 00 00 28 04 10 00 00 40 06 aa c3 0a 2a 00 01 c0 a8 01 2a 46 a1 82 af 00 00 00 c4 0e cb cd e2 50 10 10 00 2d 15 00 00
TCPDIAG inbound frame 58 b0 35 77 d7 22 00 fa c0 a8 01 01 08 00 45 00 00 28 04 11 00 00 40 06 aa c2 0a 2a 00 01 c0 a8 01 2a 46 a1 82 af 00 00 00 c4 0e cb cd e2 50 10 10 00 2d 15 00 00
TCPDIAG inbound frame 58 b0 35 77 d7 22 00 fa c0 a8 01 01 08 00 45 00 00 28 03 ef 00 00 40 06 aa e4 0a 2a 00 01 c0 a8 01 2a 46 a1 83 10 00 00 00 bc 0f 6b bd 9e 50 11 10 00 3c 5f 00 00
TCPDIAG native SendBuffer r1=0cd19f28 r2=54
TCPDIAG native SendPacket addr=0cd19f28 size=54
TCPDIAG native frame 00 fa c0 a8 01 01 58 b0 35 77 d7 22 08 00 45 00 00 28 00 71 00 00 40 06 ae 62 c0 a8 01 2a 0a 2a 00 01 83 10 46 a1 0f 6b bd 9e 00 00 00 bd 50 10 10 00 3c 5f 00 00
TCPDIAG state=kStatePeerDiscWaitForACK size=54 iptotal=40 iphdr=20 tcphdr=20 payload=0 flags=0x010 seq=258719134 ack=189 src=33552 dst=18081
NIE7 pc=00045d74 CBufferList::Putn r0=0c697d48 r1=0cd205f4 r2=00000000 r3=0cd184b4 sp=0cc8257c lr=6009c7b0
NIE7 pc=00046298 CBufferList::GetSize r0=0c697d48 r1=0c697d48 r2=00010064 r3=00009369 sp=0cc82620 lr=6009c4b8
[emulator-control] 127.0.0.1 "GET /health HTTP/1.1" 200 -
TCPDIAG inbound frame 58 b0 35 77 d7 22 00 fa c0 a8 01 01 08 00 45 00 00 37 04 12 00 00 40 06 aa b2 0a 2a 00 01 c0 a8 01 2a 46 a1 82 af 00 00 00 c4 0e cb cd e2 50 10 10 00 fd 4b 00 00 54 4f 4f 4c 53 20 30 20 70 69 6e 67 20 0d 0a
NIE7 pc=00045d74 CBufferList::Putn r0=0c69a310 r1=0cd1f5e4 r2=0000000f r3=0cd1824c sp=0cc8257c lr=6009c7b0
NIE7 pc=00134fdc TNewScriptEndpointClient::DoOutput r0=0c699d50 r1=0ce8b03c r2=0cced4f0 r3=0ce8b044 sp=0cced4f0 lr=00139010
NIE7 pc=00135440 TNewScriptEndpointClient::OutputData r0=0c699d50 r1=0ce8b03c r2=00000003 r3=00000000 sp=0cced4a8 lr=00135220
NIE7 pc=00382bbc TEndpoint::nSnd(raw) r0=0c69a0ec r1=0c699278 r2=0cced468 r3=00000001 sp=0cced45c lr=00135560
NIE7 pc=00383854 PConnectionEnd::PutBytesStart r0=0cd1d30c r1=0c69a470 r2=0cd1d4e4 r3=00008299 sp=0cc82640 lr=00072980
NIE7 pc=00046298 CBufferList::GetSize r0=0c69a470 r1=0c69a470 r2=ffffffff r3=ffffffff sp=0cc82528 lr=6008ad30
TCPDIAG native SendBuffer r1=0cd19f28 r2=71
TCPDIAG native SendPacket addr=0cd19f28 size=71
TCPDIAG native frame 00 fa c0 a8 01 01 58 b0 35 77 d7 22 08 00 45 00 00 39 00 72 00 00 40 06 ae 50 c0 a8 01 2a 0a 2a 00 01 82 af 46 a1 0e cb cd e2 00 00 00 c4 50 10 10 00 b8 ab 00 00 30 0d 0a 72 65 73 75 6c 74 0d 0a 70 6f 6e 67 0d 0a
TCPDIAG state=kStateConnectedWaitACK size=71 iptotal=57 iphdr=20 tcphdr=20 payload=17 flags=0x010 seq=248237538 ack=196 src=33455 dst=18081
TCPDIAG host-send requested=17 sent=17 errno=0
NIE7 pc=00046298 CBufferList::GetSize r0=0c69a470 r1=00010024 r2=0cd215f4 r3=0cd21a13 sp=0cc82618 lr=6009be90
NIE7 pc=00046298 CBufferList::GetSize r0=0c69a310 r1=0c69a310 r2=00010064 r3=00008299 sp=0cc82620 lr=6009c4b8
NIE7 pc=00135904 TNewScriptEndpointClient::SndComplete r0=0c699d50 r1=0cced958 r2=0001f26c r3=0cced958 sp=0cced8c4 lr=001386e4
NIE7 pc=00134fdc TNewScriptEndpointClient::DoOutput r0=0c699d50 r1=0ce8b00c r2=0cced514 r3=0ce8b014 sp=0cced514 lr=00139010
NIE7 pc=00135440 TNewScriptEndpointClient::OutputData r0=0c699d50 r1=0ce8b00c r2=00000003 r3=00000000 sp=0cced4cc lr=00135220
NIE7 pc=00382bbc TEndpoint::nSnd(raw) r0=0c69a0ec r1=0c698398 r2=0cced48c r3=00000001 sp=0cced480 lr=00135560
NIE7 pc=00383854 PConnectionEnd::PutBytesStart r0=0cd1d30c r1=0c69a470 r2=0cd1d4e4 r3=00008299 sp=0cc82640 lr=00072980
NIE7 pc=00046298 CBufferList::GetSize r0=0c69a470 r1=0c69a470 r2=ffffffff r3=ffffffff sp=0cc82528 lr=6008ad30
TCPDIAG native SendBuffer r1=0cd19f28 r2=60
TCPDIAG native SendPacket addr=0cd19f28 size=60
TCPDIAG native frame 00 fa c0 a8 01 01 58 b0 35 77 d7 22 08 00 45 00 00 2e 00 73 00 00 40 06 ae 5a c0 a8 01 2a 0a 2a 00 01 82 af 46 a1 0e cb cd f3 00 00 00 c4 50 10 10 00 83 58 00 00 50 4f 4c 4c 0d 0a
TCPDIAG state=kStateConnected size=60 iptotal=46 iphdr=20 tcphdr=20 payload=6 flags=0x010 seq=248237555 ack=196 src=33455 dst=18081
TCPDIAG host-send requested=6 sent=6 errno=0
NIE7 pc=00046298 CBufferList::GetSize r0=0c69a470 r1=00010064 r2=0cd215f4 r3=0cd21a13 sp=0cc82618 lr=6009be90
NIE7 pc=00135904 TNewScriptEndpointClient::SndComplete r0=0c699d50 r1=0cced958 r2=0001f26c r3=0cced958 sp=0cced8c4 lr=001386e4
TCPDIAG inbound frame 58 b0 35 77 d7 22 00 fa c0 a8 01 01 08 00 45 00 00 28 04 13 00 00 40 06 aa c0 0a 2a 00 01 c0 a8 01 2a 46 a1 82 af 00 00 00 d3 0e cb cd f3 50 10 10 00 2c f5 00 00
TCPDIAG native SendBuffer r1=0cd19f28 r2=54
TCPDIAG native SendPacket addr=0cd19f28 size=54
TCPDIAG native frame 00 fa c0 a8 01 01 58 b0 35 77 d7 22 08 00 45 00 00 28 00 74 00 00 40 06 ae 5f c0 a8 01 2a 0a 2a 00 01 82 af 46 a1 0e cb cd f9 00 00 00 d3 50 10 10 00 2c ef 00 00
TCPDIAG state=kStateConnected size=54 iptotal=40 iphdr=20 tcphdr=20 payload=0 flags=0x010 seq=248237561 ack=211 src=33455 dst=18081
TCPDIAG native SendBuffer r1=0cd19f28 r2=60
TCPDIAG native SendPacket addr=0cd19f28 size=60
TCPDIAG native frame 00 fa c0 a8 01 01 58 b0 35 77 d7 22 08 00 45 00 00 2e 00 75 00 00 40 06 ae 58 c0 a8 01 2a 0a 2a 00 01 82 af 46 a1 0e cb cd f3 00 00 00 d3 50 10 10 00 83 49 00 00 50 4f 4c 4c 0d 0a
TCPDIAG state=kStateConnected size=60 iptotal=46 iphdr=20 tcphdr=20 payload=6 flags=0x010 seq=248237555 ack=211 src=33455 dst=18081
TCPDIAG host-send requested=6 sent=6 errno=0
TCPDIAG inbound frame 58 b0 35 77 d7 22 00 fa c0 a8 01 01 08 00 45 00 00 28 04 14 00 00 40 06 aa bf 0a 2a 00 01 c0 a8 01 2a 46 a1 82 af 00 00 00 d3 0e cb cd f9 50 10 10 00 2c ef 00 00
TCPDIAG inbound frame 58 b0 35 77 d7 22 00 fa c0 a8 01 01 08 00 45 00 00 28 04 15 00 00 40 06 aa be 0a 2a 00 01 c0 a8 01 2a 46 a1 82 af 00 00 00 d3 0e cb cd f9 50 10 10 00 2c ef 00 00
TCPDIAG native SendBuffer r1=0cd19f28 r2=54
TCPDIAG native SendPacket addr=0cd19f28 size=54
TCPDIAG native frame 00 fa c0 a8 01 01 58 b0 35 77 d7 22 08 00 45 00 00 28 00 76 00 00 40 06 ae 5d c0 a8 01 2a 0a 2a 00 01 83 10 46 a1 0f 6b bd 9e 00 00 00 bd 50 11 10 00 3c 5e 00 00
TCPDIAG state=kStatePeerDiscWaitForFIN size=54 iptotal=40 iphdr=20 tcphdr=20 payload=0 flags=0x011 seq=258719134 ack=189 src=33552 dst=18081
TCPDIAG inbound frame 58 b0 35 77 d7 22 00 fa c0 a8 01 01 08 00 45 00 00 28 03 f0 00 00 40 06 aa e3 0a 2a 00 01 c0 a8 01 2a 46 a1 83 10 00 00 00 bd 0f 6b bd 9f 50 04 10 00 3c 6a 00 00
TCPDIAG native SendBuffer r1=0cd19f28 r2=58
TCPDIAG native SendPacket addr=0cd19f28 size=58
TCPDIAG native frame 00 fa c0 a8 01 01 58 b0 35 77 d7 22 08 00 45 00 00 2c 00 77 00 00 40 06 ae 58 c0 a8 01 2a 0a 2a 00 01 83 98 46 a1 0f 87 7b 90 00 00 00 00 60 02 10 00 66 d8 00 00 02 04 05 b4
TCPDIAG state=kStateDisconnected size=58 iptotal=44 iphdr=20 tcphdr=24 payload=0 flags=0x002 seq=260537232 ack=0 src=33688 dst=18081
TCPDIAG inbound frame 58 b0 35 77 d7 22 00 fa c0 a8 01 01 08 00 45 00 00 2c 03 e8 00 00 40 06 aa e7 0a 2a 00 01 c0 a8 01 2a 46 a1 83 98 00 00 00 00 0f 87 7b 91 60 12 10 00 66 c7 00 00 02 04 05 b4
TCPDIAG native SendBuffer r1=0cd19f28 r2=54
TCPDIAG native SendPacket addr=0cd19f28 size=54
TCPDIAG native frame 00 fa c0 a8 01 01 58 b0 35 77 d7 22 08 00 45 00 00 28 00 78 00 00 40 06 ae 5b c0 a8 01 2a 0a 2a 00 01 83 98 46 a1 0f 87 7b 91 00 00 00 01 50 10 10 00 7e 84 00 00
TCPDIAG state=kStateConnectionWaitACK size=54 iptotal=40 iphdr=20 tcphdr=20 payload=0 flags=0x010 seq=260537233 ack=1 src=33688 dst=18081
NIE7 pc=00134fdc TNewScriptEndpointClient::DoOutput r0=0c69784c r1=0ce28014 r2=0cd0e554 r3=0ce2801c sp=0cd0e554 lr=00139010
NIE7 pc=00135440 TNewScriptEndpointClient::OutputData r0=0c69784c r1=0ce28014 r2=00000003 r3=00000000 sp=0cd0e50c lr=00135220
NIE7 pc=00382bbc TEndpoint::nSnd(raw) r0=0c697930 r1=0c69b700 r2=0cd0e4cc r3=00000001 sp=0cd0e4c0 lr=00135560
NIE7 pc=00046298 CBufferList::GetSize r0=0c697d88 r1=0c697d88 r2=00010064 r3=000095a9 sp=0cc82620 lr=6009c4b8
NIE7 pc=00383854 PConnectionEnd::PutBytesStart r0=0cd1e61c r1=0c697f20 r2=0cd1e7f4 r3=000095a9 sp=0cc82640 lr=00072980
NIE7 pc=00046298 CBufferList::GetSize r0=0c697f20 r1=0c697f20 r2=ffffffff r3=ffffffff sp=0cc82528 lr=6008ad30
TCPDIAG native SendBuffer r1=0cd19f28 r2=1514
TCPDIAG native SendPacket addr=0cd19f28 size=1514
TCPDIAG state=kStateConnected size=1514 iptotal=1500 iphdr=20 tcphdr=20 payload=1460 flags=0x010 seq=260537233 ack=1 src=33688 dst=18081
TCPDIAG host-send requested=1460 sent=1460 errno=0
TCPDIAG native SendBuffer r1=0cd19f28 r2=1514
TCPDIAG native SendPacket addr=0cd19f28 size=1514
TCPDIAG state=kStateConnected size=1514 iptotal=1500 iphdr=20 tcphdr=20 payload=1460 flags=0x010 seq=260538693 ack=1 src=33688 dst=18081
TCPDIAG host-send requested=1460 sent=1460 errno=0
TCPDIAG native SendBuffer r1=0cd19f28 r2=860
TCPDIAG native SendPacket addr=0cd19f28 size=860
TCPDIAG state=kStateConnected size=860 iptotal=846 iphdr=20 tcphdr=20 payload=806 flags=0x010 seq=260540153 ack=1 src=33688 dst=18081
TCPDIAG host-send requested=806 sent=806 errno=0
NIE7 pc=00046298 CBufferList::GetSize r0=0c697f20 r1=00010064 r2=0cd22608 r3=0cd22a27 sp=0cc82618 lr=6009be90
NIE7 pc=00135904 TNewScriptEndpointClient::SndComplete r0=0c69784c r1=0cd0e958 r2=0001f26c r3=0cd0e958 sp=0cd0e8c4 lr=001386e4
TCPDIAG inbound frame 58 b0 35 77 d7 22 00 fa c0 a8 01 01 08 00 45 00 00 28 03 e9 00 00 40 06 aa ea 0a 2a 00 01 c0 a8 01 2a 46 a1 83 98 00 00 00 01 0f 87 81 45 50 10 10 00 78 d0 00 00
TCPDIAG inbound frame 58 b0 35 77 d7 22 00 fa c0 a8 01 01 08 00 45 00 00 28 03 ea 00 00 40 06 aa e9 0a 2a 00 01 c0 a8 01 2a 46 a1 83 98 00 00 00 01 0f 87 86 f9 50 10 10 00 73 1c 00 00
TCPDIAG inbound frame 58 b0 35 77 d7 22 00 fa c0 a8 01 01 08 00 45 00 00 28 03 eb 00 00 40 06 aa e8 0a 2a 00 01 c0 a8 01 2a 46 a1 83 98 00 00 00 01 0f 87 8a 1f 50 10 10 00 6f f6 00 00
NIE7 pc=00045d74 CBufferList::Putn r0=0c697d88 r1=0cd205f4 r2=000001fd r3=0cd184b4 sp=0cc8257c lr=6009c7b0
[emulator-control] 10.89.10.6 "GET /screen.png HTTP/1.1" 200 -
[emulator-control] 10.89.10.6 "GET /screen.png HTTP/1.1" 200 -
NIE7 pc=00046298 CBufferList::GetSize r0=0c697d88 r1=0c697d88 r2=00010064 r3=000095a9 sp=0cc82620 lr=6009c4b8
TCPDIAG native SendBuffer r1=0cd19f28 r2=54
TCPDIAG native SendPacket addr=0cd19f28 size=54
TCPDIAG native frame 00 fa c0 a8 01 01 58 b0 35 77 d7 22 08 00 45 00 00 28 00 7c 00 00 40 06 ae 57 c0 a8 01 2a 0a 2a 00 01 83 98 46 a1 0f 87 8a 1f 00 00 01 fe 50 10 10 00 6d f9 00 00
TCPDIAG state=kStateConnectedWaitACK size=54 iptotal=40 iphdr=20 tcphdr=20 payload=0 flags=0x010 seq=260540959 ack=510 src=33688 dst=18081
TCPDIAG inbound frame 58 b0 35 77 d7 22 00 fa c0 a8 01 01 08 00 45 00 00 37 04 16 00 00 40 06 aa ae 0a 2a 00 01 c0 a8 01 2a 46 a1 82 af 00 00 00 d3 0e cb cd f9 50 10 10 00 fd 25 00 00 54 4f 4f 4c 53 20 30 20 70 69 6e 67 20 0d 0a
NIE7 pc=00045d74 CBufferList::Putn r0=0c69a310 r1=0cd1f5e4 r2=0000000f r3=0cd1824c sp=0cc8257c lr=6009c7b0
TCPDIAG inbound frame 58 b0 35 77 d7 22 00 fa c0 a8 01 01 08 00 45 00 00 28 03 ed 00 00 40 06 aa e6 0a 2a 00 01 c0 a8 01 2a 46 a1 83 98 00 00 01 fe 0f 87 8a 1f 50 11 10 00 6d f8 00 00
TCPDIAG native SendBuffer r1=0cd19f28 r2=54
TCPDIAG native SendPacket addr=0cd19f28 size=54
TCPDIAG native frame 00 fa c0 a8 01 01 58 b0 35 77 d7 22 08 00 45 00 00 28 00 7d 00 00 40 06 ae 56 c0 a8 01 2a 0a 2a 00 01 83 98 46 a1 0f 87 8a 1f 00 00 01 ff 50 10 10 00 6d f8 00 00
TCPDIAG state=kStatePeerDiscWaitForACK size=54 iptotal=40 iphdr=20 tcphdr=20 payload=0 flags=0x010 seq=260540959 ack=511 src=33688 dst=18081
NIE7 pc=00045d74 CBufferList::Putn r0=0c697d88 r1=0cd205f4 r2=00000000 r3=0cd184b4 sp=0cc8257c lr=6009c7b0
TCPDIAG native SendBuffer r1=0cd19f28 r2=54
TCPDIAG native SendPacket addr=0cd19f28 size=54
TCPDIAG native frame 00 fa c0 a8 01 01 58 b0 35 77 d7 22 08 00 45 00 00 28 00 7e 00 00 40 06 ae 55 c0 a8 01 2a 0a 2a 00 01 82 af 46 a1 0e cb cd f9 00 00 00 e2 50 10 10 00 2c e0 00 00
TCPDIAG state=kStateConnectedWaitACK size=54 iptotal=40 iphdr=20 tcphdr=20 payload=0 flags=0x010 seq=248237561 ack=226 src=33455 dst=18081
TCPDIAG inbound frame 58 b0 35 77 d7 22 00 fa c0 a8 01 01 08 00 45 00 00 37 04 17 00 00 40 06 aa ad 0a 2a 00 01 c0 a8 01 2a 46 a1 82 af 00 00 00 e2 0e cb cd f9 50 10 10 00 fd 16 00 00 54 4f 4f 4c 53 20 30 20 70 69 6e 67 20 0d 0a
TCPDIAG native SendBuffer r1=0cd19f28 r2=54
TCPDIAG native SendPacket addr=0cd19f28 size=54
TCPDIAG native frame 00 fa c0 a8 01 01 58 b0 35 77 d7 22 08 00 45 00 00 28 00 7f 00 00 40 06 ae 54 c0 a8 01 2a 0a 2a 00 01 82 af 46 a1 0e cb cd f9 00 00 00 f1 50 10 10 00 2c d1 00 00
TCPDIAG state=kStateConnectedWaitACK size=54 iptotal=40 iphdr=20 tcphdr=20 payload=0 flags=0x010 seq=248237561 ack=241 src=33455 dst=18081
TCPDIAG native SendBuffer r1=0cd19f28 r2=54
TCPDIAG native SendPacket addr=0cd19f28 size=54
TCPDIAG native frame 00 fa c0 a8 01 01 58 b0 35 77 d7 22 08 00 45 00 00 28 00 80 00 00 40 06 ae 53 c0 a8 01 2a 0a 2a 00 01 83 98 46 a1 0f 87 8a 1f 00 00 01 ff 50 11 10 00 6d f7 00 00
TCPDIAG state=kStatePeerDiscWaitForFIN size=54 iptotal=40 iphdr=20 tcphdr=20 payload=0 flags=0x011 seq=260540959 ack=511 src=33688 dst=18081
TCPDIAG inbound frame 58 b0 35 77 d7 22 00 fa c0 a8 01 01 08 00 45 00 00 28 03 ee 00 00 40 06 aa e5 0a 2a 00 01 c0 a8 01 2a 46 a1 83 98 00 00 01 ff 0f 87 8a 20 50 04 10 00 6e 03 00 00
NIE7 pc=00134fdc TNewScriptEndpointClient::DoOutput r0=0c699d50 r1=0ce2803c r2=0cd0e4f0 r3=0ce28044 sp=0cd0e4f0 lr=00139010
NIE7 pc=00135440 TNewScriptEndpointClient::OutputData r0=0c699d50 r1=0ce2803c r2=00000003 r3=00000000 sp=0cd0e4a8 lr=00135220
NIE7 pc=00382bbc TEndpoint::nSnd(raw) r0=0c69a0ec r1=0c6993e4 r2=0cd0e468 r3=00000001 sp=0cd0e45c lr=00135560
NIE7 pc=00383854 PConnectionEnd::PutBytesStart r0=0cd1d30c r1=0c69a470 r2=0cd1d4e4 r3=00008299 sp=0cc82640 lr=00072980
NIE7 pc=00046298 CBufferList::GetSize r0=0c69a470 r1=0c69a470 r2=ffffffff r3=ffffffff sp=0cc82528 lr=6008ad30
TCPDIAG native SendBuffer r1=0cd19f28 r2=71
TCPDIAG native SendPacket addr=0cd19f28 size=71
TCPDIAG native frame 00 fa c0 a8 01 01 58 b0 35 77 d7 22 08 00 45 00 00 39 00 81 00 00 40 06 ae 41 c0 a8 01 2a 0a 2a 00 01 82 af 46 a1 0e cb cd f9 00 00 00 f1 50 10 10 00 b8 67 00 00 30 0d 0a 72 65 73 75 6c 74 0d 0a 70 6f 6e 67 0d 0a
TCPDIAG state=kStateConnected size=71 iptotal=57 iphdr=20 tcphdr=20 payload=17 flags=0x010 seq=248237561 ack=241 src=33455 dst=18081
TCPDIAG host-send requested=17 sent=17 errno=0
NIE7 pc=00046298 CBufferList::GetSize r0=0c69a470 r1=00010024 r2=0cd215f4 r3=0cd21a13 sp=0cc82618 lr=6009be90
NIE7 pc=00046298 CBufferList::GetSize r0=0c69a310 r1=0c69a310 r2=00010064 r3=00008299 sp=0cc82620 lr=6009c4b8
NIE7 pc=00045d74 CBufferList::Putn r0=0c69a310 r1=0cd1f5e4 r2=0000000f r3=0cc82618 sp=0cc825b8 lr=6009c7b0
NIE7 pc=00135904 TNewScriptEndpointClient::SndComplete r0=0c699d50 r1=0cd0e958 r2=0001f26c r3=0cd0e958 sp=0cd0e8c4 lr=001386e4
NIE7 pc=00134fdc TNewScriptEndpointClient::DoOutput r0=0c699d50 r1=0ce2800c r2=0cd0e514 r3=0ce28014 sp=0cd0e514 lr=00139010
NIE7 pc=00135440 TNewScriptEndpointClient::OutputData r0=0c699d50 r1=0ce2800c r2=00000003 r3=00000000 sp=0cd0e4cc lr=00135220
NIE7 pc=00382bbc TEndpoint::nSnd(raw) r0=0c69a0ec r1=0c6985bc r2=0cd0e48c r3=00000001 sp=0cd0e480 lr=00135560
NIE7 pc=00383854 PConnectionEnd::PutBytesStart r0=0cd1d30c r1=0c69a470 r2=0cd1d4e4 r3=00008299 sp=0cc82640 lr=00072980
NIE7 pc=00046298 CBufferList::GetSize r0=0c69a470 r1=0c69a470 r2=ffffffff r3=ffffffff sp=0cc82528 lr=6008ad30
TCPDIAG native SendBuffer r1=0cd19f28 r2=60
TCPDIAG native SendPacket addr=0cd19f28 size=60
TCPDIAG native frame 00 fa c0 a8 01 01 58 b0 35 77 d7 22 08 00 45 00 00 2e 00 82 00 00 40 06 ae 4b c0 a8 01 2a 0a 2a 00 01 82 af 46 a1 0e cb ce 0a 00 00 00 f1 50 10 10 00 83 14 00 00 50 4f 4c 4c 0d 0a
TCPDIAG state=kStateConnected size=60 iptotal=46 iphdr=20 tcphdr=20 payload=6 flags=0x010 seq=248237578 ack=241 src=33455 dst=18081
TCPDIAG host-send requested=6 sent=6 errno=0
NIE7 pc=00046298 CBufferList::GetSize r0=0c69a470 r1=00010024 r2=0cd215f4 r3=0cd21a13 sp=0cc82618 lr=6009be90
NIE7 pc=00134fdc TNewScriptEndpointClient::DoOutput r0=0c699d50 r1=0ce2803c r2=0cd0e4f0 r3=0ce28044 sp=0cd0e4f0 lr=00139010
NIE7 pc=00135440 TNewScriptEndpointClient::OutputData r0=0c699d50 r1=0ce2803c r2=00000003 r3=00000000 sp=0cd0e4a8 lr=00135220
NIE7 pc=00382bbc TEndpoint::nSnd(raw) r0=0c69a0ec r1=0c6993e4 r2=0cd0e468 r3=00000001 sp=0cd0e45c lr=00135560
NIE7 pc=00135904 TNewScriptEndpointClient::SndComplete r0=0c699d50 r1=0cd0e958 r2=0001f26c r3=0cd0e958 sp=0cd0e8c4 lr=001386e4
NIE7 pc=00383854 PConnectionEnd::PutBytesStart r0=0cd1d30c r1=0c6a196c r2=0cd1d4e4 r3=00008299 sp=0cc82640 lr=00072980
NIE7 pc=00046298 CBufferList::GetSize r0=0c6a196c r1=0c6a196c r2=ffffffff r3=ffffffff sp=0cc82528 lr=6008ad30
TCPDIAG native SendBuffer r1=0cd19f28 r2=71
TCPDIAG native SendPacket addr=0cd19f28 size=71
TCPDIAG native frame 00 fa c0 a8 01 01 58 b0 35 77 d7 22 08 00 45 00 00 39 00 83 00 00 40 06 ae 3f c0 a8 01 2a 0a 2a 00 01 82 af 46 a1 0e cb ce 10 00 00 00 f1 50 10 10 00 b8 50 00 00 30 0d 0a 72 65 73 75 6c 74 0d 0a 70 6f 6e 67 0d 0a
TCPDIAG state=kStateConnected size=71 iptotal=57 iphdr=20 tcphdr=20 payload=17 flags=0x010 seq=248237584 ack=241 src=33455 dst=18081
TCPDIAG host-send requested=17 sent=-1 errno=32
NIE7 pc=00046298 CBufferList::GetSize r0=0c6a196c r1=00010024 r2=0cd215f4 r3=0cd21a13 sp=0cc82618 lr=6009be90
NIE7 pc=00046298 CBufferList::GetSize r0=0c69a310 r1=0c69a310 r2=00010064 r3=00008299 sp=0cc82620 lr=6009c4b8
NIE7 pc=00135904 TNewScriptEndpointClient::SndComplete r0=0c699d50 r1=0cd0e958 r2=0001f26c r3=0cd0e958 sp=0cd0e8c4 lr=001386e4
NIE7 pc=00134fdc TNewScriptEndpointClient::DoOutput r0=0c699d50 r1=0ce2800c r2=0cd0e514 r3=0ce28014 sp=0cd0e514 lr=00139010
NIE7 pc=00135440 TNewScriptEndpointClient::OutputData r0=0c699d50 r1=0ce2800c r2=00000003 r3=00000000 sp=0cd0e4cc lr=00135220
NIE7 pc=00382bbc TEndpoint::nSnd(raw) r0=0c69a0ec r1=0c6985bc r2=0cd0e48c r3=00000001 sp=0cd0e480 lr=00135560
NIE7 pc=00383854 PConnectionEnd::PutBytesStart r0=0cd1d30c r1=0c6a196c r2=0cd1d4e4 r3=00008299 sp=0cc82640 lr=00072980
NIE7 pc=00046298 CBufferList::GetSize r0=0c6a196c r1=0c6a196c r2=ffffffff r3=ffffffff sp=0cc82528 lr=6008ad30
TCPDIAG native SendBuffer r1=0cd19f28 r2=60
TCPDIAG native SendPacket addr=0cd19f28 size=60
TCPDIAG native frame 00 fa c0 a8 01 01 58 b0 35 77 d7 22 08 00 45 00 00 2e 00 84 00 00 40 06 ae 49 c0 a8 01 2a 0a 2a 00 01 82 af 46 a1 0e cb ce 21 00 00 00 f1 50 10 10 00 82 fd 00 00 50 4f 4c 4c 0d 0a
TCPDIAG state=kStateConnected size=60 iptotal=46 iphdr=20 tcphdr=20 payload=6 flags=0x010 seq=248237601 ack=241 src=33455 dst=18081
TCPDIAG host-send requested=6 sent=-1 errno=32
NIE7 pc=00046298 CBufferList::GetSize r0=0c6a196c r1=00010064 r2=0cd21620 r3=0cd21a3f sp=0cc82618 lr=6009be90
NIE7 pc=00135904 TNewScriptEndpointClient::SndComplete r0=0c699d50 r1=0cd0e958 r2=0001f26c r3=0cd0e958 sp=0cd0e8c4 lr=001386e4
TCPDIAG inbound frame 58 b0 35 77 d7 22 00 fa c0 a8 01 01 08 00 45 00 00 28 04 18 00 00 40 06 aa bb 0a 2a 00 01 c0 a8 01 2a 46 a1 82 af 00 00 00 f1 0e cb ce 0a 50 10 10 00 2c c0 00 00
TCPDIAG inbound frame 58 b0 35 77 d7 22 00 fa c0 a8 01 01 08 00 45 00 00 28 04 19 00 00 40 06 aa ba 0a 2a 00 01 c0 a8 01 2a 46 a1 82 af 00 00 00 f1 0e cb ce 10 50 10 10 00 2c ba 00 00
TCPDIAG inbound frame 58 b0 35 77 d7 22 00 fa c0 a8 01 01 08 00 45 00 00 28 04 1a 00 00 40 06 aa b9 0a 2a 00 01 c0 a8 01 2a 46 a1 82 af 00 00 00 f1 0e cb ce 21 50 10 10 00 2c a9 00 00
TCPDIAG inbound frame 58 b0 35 77 d7 22 00 fa c0 a8 01 01 08 00 45 00 00 28 04 1b 00 00 40 06 aa b8 0a 2a 00 01 c0 a8 01 2a 46 a1 82 af 00 00 00 f1 0e cb ce 27 50 10 10 00 2c a3 00 00
TCPDIAG inbound frame 58 b0 35 77 d7 22 00 fa c0 a8 01 01 08 00 45 00 00 28 04 1c 00 00 40 06 aa b7 0a 2a 00 01 c0 a8 01 2a 46 a1 82 af 00 00 00 f1 0e cb ce 27 50 11 10 00 2c a2 00 00
TCPDIAG native SendBuffer r1=0cd19f28 r2=54
TCPDIAG native SendPacket addr=0cd19f28 size=54
TCPDIAG native frame 00 fa c0 a8 01 01 58 b0 35 77 d7 22 08 00 45 00 00 28 00 85 00 00 40 06 ae 4e c0 a8 01 2a 0a 2a 00 01 82 af 46 a1 0e cb ce 27 00 00 00 f2 50 10 10 00 2c a2 00 00
TCPDIAG state=kStatePeerDiscWaitForACK size=54 iptotal=40 iphdr=20 tcphdr=20 payload=0 flags=0x010 seq=248237607 ack=242 src=33455 dst=18081
NIE7 pc=00045d74 CBufferList::Putn r0=0c69a310 r1=0cd1f5e4 r2=00000000 r3=0cd1824c sp=0cc8257c lr=6009c7b0
NIE7 pc=00046298 CBufferList::GetSize r0=0c69a310 r1=0c69a310 r2=00010064 r3=00008299 sp=0cc82620 lr=6009c4b8
[emulator-control] 127.0.0.1 "GET /health HTTP/1.1" 200 -
TCPDIAG native SendBuffer r1=0cd19f28 r2=54
TCPDIAG native SendPacket addr=0cd19f28 size=54
TCPDIAG native frame 00 fa c0 a8 01 01 58 b0 35 77 d7 22 08 00 45 00 00 28 00 86 00 00 40 06 ae 4d c0 a8 01 2a 0a 2a 00 01 82 af 46 a1 0e cb ce 27 00 00 00 f2 50 11 10 00 2c a1 00 00
TCPDIAG state=kStatePeerDiscWaitForFIN size=54 iptotal=40 iphdr=20 tcphdr=20 payload=0 flags=0x011 seq=248237607 ack=242 src=33455 dst=18081
TCPDIAG inbound frame 58 b0 35 77 d7 22 00 fa c0 a8 01 01 08 00 45 00 00 28 04 1d 00 00 40 06 aa b6 0a 2a 00 01 c0 a8 01 2a 46 a1 82 af 00 00 00 f2 0e cb ce 28 50 04 10 00 2c ad 00 00
TCPDIAG native SendBuffer r1=0cd19f28 r2=590
TCPDIAG native SendPacket addr=0cd19f28 size=590
[emulator-control] 127.0.0.1 "GET /health HTTP/1.1" 200 -
[emulator-control] 127.0.0.1 "GET /health HTTP/1.1" 200 -
[emulator-control] 127.0.0.1 "GET /health HTTP/1.1" 200 -
[emulator-control] 127.0.0.1 "GET /health HTTP/1.1" 200 -
[emulator-control] 127.0.0.1 "GET /health HTTP/1.1" 200 -
[emulator-control] 127.0.0.1 "GET /health HTTP/1.1" 200 -
[emulator-control] 127.0.0.1 "GET /health HTTP/1.1" 200 -
[emulator-control] 127.0.0.1 "GET /health HTTP/1.1" 200 -
[emulator-control] 127.0.0.1 "GET /health HTTP/1.1" 200 -
[emulator-control] 127.0.0.1 "GET /health HTTP/1.1" 200 -
[emulator-control] 127.0.0.1 "GET /health HTTP/1.1" 200 -
[emulator-control] 127.0.0.1 "GET /health HTTP/1.1" 200 -
[emulator-control] 127.0.0.1 "GET /health HTTP/1.1" 200 -
[emulator-control] 127.0.0.1 "GET /health HTTP/1.1" 200 -
caught signal: 15
In exit
_XSERVTransmkdir: Owner of /tmp/.X11-unix should be set to root
Xlib:  extension "DPMS" missing on display ":99".
PORT=5900

The VNC desktop is:      localhost:0
[emulator-control] listening on 0.0.0.0:8080, display :99
Cannot open symbol files '/rom/717006.symbols'
WebSocket server settings:
  - Listen on :6080
  - Web server. Web root: /usr/share/novnc
  - No SSL/TLS support (no cert file)
  - proxying from :6080 to localhost:5900
NIE7 pc=00046298 CBufferList::GetSize r0=0c6a5574 r1=0001b038 r2=ffffffff r3=0c6a5d10 sp=0cc821d4 lr=001b98c8
TCPDIAG native SendBuffer r1=0cd19f28 r2=590
TCPDIAG native SendPacket addr=0cd19f28 size=590
TCPDIAG native SendBuffer r1=0cd19f28 r2=590
TCPDIAG native SendPacket addr=0cd19f28 size=590
TCPDIAG native SendBuffer r1=0cd19f28 r2=42
TCPDIAG native SendPacket addr=0cd19f28 size=42
TCPDIAG native frame ff ff ff ff ff ff 58 b0 35 77 d7 22 08 06 00 01 08 00 06 04 00 01 58 b0 35 77 d7 22 c0 a8 01 2a 00 00 00 00 00 00 c0 a8 01 01
TCPDIAG inbound frame 58 b0 35 77 d7 22 ff ff ff ff ff ff 08 06 00 01 08 00 06 04 00 02 00 fa c0 a8 01 01 c0 a8 01 01 58 b0 35 77 d7 22 c0 a8 01 2a
TCPDIAG native SendBuffer r1=0cd19f28 r2=58
TCPDIAG native SendPacket addr=0cd19f28 size=58
TCPDIAG native frame 00 fa c0 a8 01 01 58 b0 35 77 d7 22 08 00 45 00 00 2c 00 02 00 00 40 06 ae cd c0 a8 01 2a 0a 2a 00 01 82 1d 46 a1 0e cc 90 00 00 00 00 00 60 02 10 00 54 9e 00 00 02 04 05 b4
TCPDIAG state=kStateDisconnected size=58 iptotal=44 iphdr=20 tcphdr=24 payload=0 flags=0x002 seq=248287232 ack=0 src=33309 dst=18081
TCPDIAG inbound frame 58 b0 35 77 d7 22 00 fa c0 a8 01 01 08 00 45 00 00 2c 03 e8 00 00 40 06 aa e7 0a 2a 00 01 c0 a8 01 2a 46 a1 82 1d 00 00 00 00 0e cc 90 01 60 12 10 00 54 8d 00 00 02 04 05 b4
TCPDIAG native SendBuffer r1=0cd19f28 r2=54
TCPDIAG native SendPacket addr=0cd19f28 size=54
TCPDIAG native frame 00 fa c0 a8 01 01 58 b0 35 77 d7 22 08 00 45 00 00 28 00 03 00 00 40 06 ae d0 c0 a8 01 2a 0a 2a 00 01 82 1d 46 a1 0e cc 90 01 00 00 00 01 50 10 10 00 6c 4a 00 00
TCPDIAG state=kStateConnectionWaitACK size=54 iptotal=40 iphdr=20 tcphdr=20 payload=0 flags=0x010 seq=248287233 ack=1 src=33309 dst=18081
NIE7 pc=00134fdc TNewScriptEndpointClient::DoOutput r0=0c6982b4 r1=0ce3040c r2=0cde4d54 r3=0ce30414 sp=0cde4d54 lr=00139010
NIE7 pc=00135440 TNewScriptEndpointClient::OutputData r0=0c6982b4 r1=0ce3040c r2=00000003 r3=00000000 sp=0cde4d0c lr=00135220
NIE7 pc=00382bbc TEndpoint::nSnd(raw) r0=0c698660 r1=0c697418 r2=0cde4ccc r3=00000001 sp=0cde4cc0 lr=00135560
NIE7 pc=00383854 PConnectionEnd::PutBytesStart r0=0cd1d30c r1=0c6989bc r2=0cd1d4e4 r3=000067a9 sp=0cc82640 lr=00072980
NIE7 pc=00046298 CBufferList::GetSize r0=0c6989bc r1=0c6989bc r2=ffffffff r3=ffffffff sp=0cc82528 lr=6008ad30
TCPDIAG native SendBuffer r1=0cd19f28 r2=60
TCPDIAG native SendPacket addr=0cd19f28 size=60
TCPDIAG native frame 00 fa c0 a8 01 01 58 b0 35 77 d7 22 08 00 45 00 00 2e 00 04 00 00 40 06 ae c9 c0 a8 01 2a 0a 2a 00 01 82 1d 46 a1 0e cc 90 01 00 00 00 01 50 10 10 00 c2 9e 00 00 50 4f 4c 4c 0d 0a
TCPDIAG state=kStateConnected size=60 iptotal=46 iphdr=20 tcphdr=20 payload=6 flags=0x010 seq=248287233 ack=1 src=33309 dst=18081
TCPDIAG host-send requested=6 sent=6 errno=0
NIE7 pc=00046298 CBufferList::GetSize r0=0c6989bc r1=00010024 r2=0cd1ed50 r3=0cd1f16f sp=0cc82618 lr=6009be90
NIE7 pc=00135904 TNewScriptEndpointClient::SndComplete r0=0c6982b4 r1=0cde5158 r2=0001f26c r3=0cde5158 sp=0cde50c4 lr=001386e4
NIE7 pc=00046298 CBufferList::GetSize r0=0c69885c r1=0c69885c r2=00010064 r3=000067a9 sp=0cc82620 lr=6009c4b8
TCPDIAG inbound frame 58 b0 35 77 d7 22 00 fa c0 a8 01 01 08 00 45 00 00 28 03 e9 00 00 40 06 aa ea 0a 2a 00 01 c0 a8 01 2a 46 a1 82 1d 00 00 00 01 0e cc 90 07 50 10 10 00 6c 44 00 00
TCPDIAG inbound frame 58 b0 35 77 d7 22 00 fa c0 a8 01 01 08 00 45 00 00 37 03 ea 00 00 40 06 aa da 0a 2a 00 01 c0 a8 01 2a 46 a1 82 1d 00 00 00 01 0e cc 90 07 50 10 10 00 3c 7b 00 00 54 4f 4f 4c 53 20 30 20 70 69 6e 67 20 0d 0a
NIE7 pc=00045d74 CBufferList::Putn r0=0c69885c r1=0cd1ed60 r2=0000000f r3=0cd1824c sp=0cc8257c lr=6009c7b0
NIE7 pc=00134fdc TNewScriptEndpointClient::DoOutput r0=0c6982b4 r1=0ce3043c r2=0cde4cf0 r3=0ce30444 sp=0cde4cf0 lr=00139010
NIE7 pc=00135440 TNewScriptEndpointClient::OutputData r0=0c6982b4 r1=0ce3043c r2=00000003 r3=00000000 sp=0cde4ca8 lr=00135220
NIE7 pc=00382bbc TEndpoint::nSnd(raw) r0=0c698660 r1=0c698b78 r2=0cde4c68 r3=00000001 sp=0cde4c5c lr=00135560
NIE7 pc=00383854 PConnectionEnd::PutBytesStart r0=0cd1d30c r1=0c6989bc r2=0cd1d4e4 r3=000067a9 sp=0cc82640 lr=00072980
NIE7 pc=00046298 CBufferList::GetSize r0=0c6989bc r1=0c6989bc r2=ffffffff r3=ffffffff sp=0cc82528 lr=6008ad30
TCPDIAG native SendBuffer r1=0cd19f28 r2=71
TCPDIAG native SendPacket addr=0cd19f28 size=71
TCPDIAG native frame 00 fa c0 a8 01 01 58 b0 35 77 d7 22 08 00 45 00 00 39 00 05 00 00 40 06 ae bd c0 a8 01 2a 0a 2a 00 01 82 1d 46 a1 0e cc 90 07 00 00 00 01 50 10 10 00 f7 da 00 00 30 0d 0a 72 65 73 75 6c 74 0d 0a 70 6f 6e 67 0d 0a
TCPDIAG state=kStateConnectedWaitACK size=71 iptotal=57 iphdr=20 tcphdr=20 payload=17 flags=0x010 seq=248287239 ack=1 src=33309 dst=18081
TCPDIAG host-send requested=17 sent=17 errno=0
NIE7 pc=00046298 CBufferList::GetSize r0=0c6989bc r1=00010024 r2=0cd1fd60 r3=0cd2017f sp=0cc82618 lr=6009be90
NIE7 pc=00046298 CBufferList::GetSize r0=0c69885c r1=0c69885c r2=00010064 r3=000067a9 sp=0cc82620 lr=6009c4b8
NIE7 pc=00135904 TNewScriptEndpointClient::SndComplete r0=0c6982b4 r1=0cde5158 r2=0001f26c r3=0cde5158 sp=0cde50c4 lr=001386e4
NIE7 pc=00134fdc TNewScriptEndpointClient::DoOutput r0=0c6982b4 r1=0ce3040c r2=0cde4d14 r3=0ce30414 sp=0cde4d14 lr=00139010
NIE7 pc=00135440 TNewScriptEndpointClient::OutputData r0=0c6982b4 r1=0ce3040c r2=00000003 r3=00000000 sp=0cde4ccc lr=00135220
NIE7 pc=00382bbc TEndpoint::nSnd(raw) r0=0c698660 r1=0c698b78 r2=0cde4c8c r3=00000001 sp=0cde4c80 lr=00135560
NIE7 pc=00383854 PConnectionEnd::PutBytesStart r0=0cd1d30c r1=0c6989bc r2=0cd1d4e4 r3=000067a9 sp=0cc82640 lr=00072980
NIE7 pc=00046298 CBufferList::GetSize r0=0c6989bc r1=0c6989bc r2=ffffffff r3=ffffffff sp=0cc82528 lr=6008ad30
TCPDIAG native SendBuffer r1=0cd19f28 r2=60
TCPDIAG native SendPacket addr=0cd19f28 size=60
TCPDIAG native frame 00 fa c0 a8 01 01 58 b0 35 77 d7 22 08 00 45 00 00 2e 00 06 00 00 40 06 ae c7 c0 a8 01 2a 0a 2a 00 01 82 1d 46 a1 0e cc 90 18 00 00 00 01 50 10 10 00 c2 87 00 00 50 4f 4c 4c 0d 0a
TCPDIAG state=kStateConnected size=60 iptotal=46 iphdr=20 tcphdr=20 payload=6 flags=0x010 seq=248287256 ack=1 src=33309 dst=18081
TCPDIAG host-send requested=6 sent=6 errno=0
NIE7 pc=00046298 CBufferList::GetSize r0=0c6989bc r1=00010064 r2=0cd1fd8c r3=0cd201ab sp=0cc82618 lr=6009be90
NIE7 pc=00135904 TNewScriptEndpointClient::SndComplete r0=0c6982b4 r1=0cde5158 r2=0001f26c r3=0cde5158 sp=0cde50c4 lr=001386e4
TCPDIAG inbound frame 58 b0 35 77 d7 22 00 fa c0 a8 01 01 08 00 45 00 00 28 03 eb 00 00 40 06 aa e8 0a 2a 00 01 c0 a8 01 2a 46 a1 82 1d 00 00 00 10 0e cc 90 18 50 10 10 00 6c 24 00 00
TCPDIAG native SendBuffer r1=0cd19f28 r2=54
TCPDIAG native SendPacket addr=0cd19f28 size=54
TCPDIAG native frame 00 fa c0 a8 01 01 58 b0 35 77 d7 22 08 00 45 00 00 28 00 07 00 00 40 06 ae cc c0 a8 01 2a 0a 2a 00 01 82 1d 46 a1 0e cc 90 1e 00 00 00 10 50 10 10 00 6c 1e 00 00
TCPDIAG state=kStateConnected size=54 iptotal=40 iphdr=20 tcphdr=20 payload=0 flags=0x010 seq=248287262 ack=16 src=33309 dst=18081
TCPDIAG inbound frame 58 b0 35 77 d7 22 00 fa c0 a8 01 01 08 00 45 00 00 28 03 ec 00 00 40 06 aa e7 0a 2a 00 01 c0 a8 01 2a 46 a1 82 1d 00 00 00 10 0e cc 90 1e 50 10 10 00 6c 1e 00 00
[emulator-control] 127.0.0.1 "GET /health HTTP/1.1" 200 -
TCPDIAG inbound frame 58 b0 35 77 d7 22 00 fa c0 a8 01 01 08 00 45 00 00 37 03 ed 00 00 40 06 aa d7 0a 2a 00 01 c0 a8 01 2a 46 a1 82 1d 00 00 00 10 0e cc 90 1e 50 10 10 00 3c 55 00 00 54 4f 4f 4c 53 20 30 20 70 69 6e 67 20 0d 0a
NIE7 pc=00045d74 CBufferList::Putn r0=0c69885c r1=0cd1ed60 r2=0000000f r3=0cd1824c sp=0cc8257c lr=6009c7b0
NIE7 pc=00134fdc TNewScriptEndpointClient::DoOutput r0=0c6982b4 r1=0ce3043c r2=0cde4cf0 r3=0ce30444 sp=0cde4cf0 lr=00139010
NIE7 pc=00135440 TNewScriptEndpointClient::OutputData r0=0c6982b4 r1=0ce3043c r2=00000003 r3=00000000 sp=0cde4ca8 lr=00135220
NIE7 pc=00382bbc TEndpoint::nSnd(raw) r0=0c698660 r1=0c698b9c r2=0cde4c68 r3=00000001 sp=0cde4c5c lr=00135560
NIE7 pc=00383854 PConnectionEnd::PutBytesStart r0=0cd1d30c r1=0c6989bc r2=0cd1d4e4 r3=000067a9 sp=0cc82640 lr=00072980
NIE7 pc=00046298 CBufferList::GetSize r0=0c6989bc r1=0c6989bc r2=ffffffff r3=ffffffff sp=0cc82528 lr=6008ad30
TCPDIAG native SendBuffer r1=0cd19f28 r2=71
TCPDIAG native SendPacket addr=0cd19f28 size=71
TCPDIAG native frame 00 fa c0 a8 01 01 58 b0 35 77 d7 22 08 00 45 00 00 39 00 08 00 00 40 06 ae ba c0 a8 01 2a 0a 2a 00 01 82 1d 46 a1 0e cc 90 1e 00 00 00 10 50 10 10 00 f7 b4 00 00 30 0d 0a 72 65 73 75 6c 74 0d 0a 70 6f 6e 67 0d 0a
TCPDIAG state=kStateConnectedWaitACK size=71 iptotal=57 iphdr=20 tcphdr=20 payload=17 flags=0x010 seq=248287262 ack=16 src=33309 dst=18081
TCPDIAG host-send requested=17 sent=17 errno=0
NIE7 pc=00046298 CBufferList::GetSize r0=0c6989bc r1=00010024 r2=0cd1fd60 r3=0cd2017f sp=0cc82618 lr=6009be90
NIE7 pc=00046298 CBufferList::GetSize r0=0c69885c r1=0c69885c r2=00010064 r3=000067a9 sp=0cc82620 lr=6009c4b8
NIE7 pc=00135904 TNewScriptEndpointClient::SndComplete r0=0c6982b4 r1=0cde5158 r2=0001f26c r3=0cde5158 sp=0cde50c4 lr=001386e4
NIE7 pc=00134fdc TNewScriptEndpointClient::DoOutput r0=0c6982b4 r1=0ce3040c r2=0cde4d14 r3=0ce30414 sp=0cde4d14 lr=00139010
NIE7 pc=00135440 TNewScriptEndpointClient::OutputData r0=0c6982b4 r1=0ce3040c r2=00000003 r3=00000000 sp=0cde4ccc lr=00135220
NIE7 pc=00382bbc TEndpoint::nSnd(raw) r0=0c698660 r1=0c6988e0 r2=0cde4c8c r3=00000001 sp=0cde4c80 lr=00135560
NIE7 pc=00383854 PConnectionEnd::PutBytesStart r0=0cd1d30c r1=0c6989bc r2=0cd1d4e4 r3=000067a9 sp=0cc82640 lr=00072980
NIE7 pc=00046298 CBufferList::GetSize r0=0c6989bc r1=0c6989bc r2=ffffffff r3=ffffffff sp=0cc82528 lr=6008ad30
TCPDIAG native SendBuffer r1=0cd19f28 r2=60
TCPDIAG native SendPacket addr=0cd19f28 size=60
TCPDIAG native frame 00 fa c0 a8 01 01 58 b0 35 77 d7 22 08 00 45 00 00 2e 00 09 00 00 40 06 ae c4 c0 a8 01 2a 0a 2a 00 01 82 1d 46 a1 0e cc 90 2f 00 00 00 10 50 10 10 00 c2 61 00 00 50 4f 4c 4c 0d 0a
TCPDIAG state=kStateConnected size=60 iptotal=46 iphdr=20 tcphdr=20 payload=6 flags=0x010 seq=248287279 ack=16 src=33309 dst=18081
TCPDIAG host-send requested=6 sent=6 errno=0
NIE7 pc=00046298 CBufferList::GetSize r0=0c6989bc r1=00010064 r2=0cd1fd8c r3=0cd201ab sp=0cc82618 lr=6009be90
NIE7 pc=00135904 TNewScriptEndpointClient::SndComplete r0=0c6982b4 r1=0cde5158 r2=0001f26c r3=0cde5158 sp=0cde50c4 lr=001386e4
TCPDIAG native SendBuffer r1=0cd19f28 r2=54
TCPDIAG native SendPacket addr=0cd19f28 size=54
TCPDIAG native frame 00 fa c0 a8 01 01 58 b0 35 77 d7 22 08 00 45 00 00 28 00 0a 00 00 40 06 ae c9 c0 a8 01 2a 0a 2a 00 01 82 1d 46 a1 0e cc 90 35 00 00 00 1f 50 10 10 00 6b f8 00 00
TCPDIAG state=kStateConnected size=54 iptotal=40 iphdr=20 tcphdr=20 payload=0 flags=0x010 seq=248287285 ack=31 src=33309 dst=18081
TCPDIAG inbound frame 58 b0 35 77 d7 22 00 fa c0 a8 01 01 08 00 45 00 00 28 03 ee 00 00 40 06 aa e5 0a 2a 00 01 c0 a8 01 2a 46 a1 82 1d 00 00 00 1f 0e cc 90 2f 50 10 10 00 6b fe 00 00
TCPDIAG inbound frame 58 b0 35 77 d7 22 00 fa c0 a8 01 01 08 00 45 00 00 28 03 ef 00 00 40 06 aa e4 0a 2a 00 01 c0 a8 01 2a 46 a1 82 1d 00 00 00 1f 0e cc 90 35 50 10 10 00 6b f8 00 00
TCPDIAG inbound frame 58 b0 35 77 d7 22 00 fa c0 a8 01 01 08 00 45 00 00 37 03 f0 00 00 40 06 aa d4 0a 2a 00 01 c0 a8 01 2a 46 a1 82 1d 00 00 00 1f 0e cc 90 35 50 10 10 00 3c 2f 00 00 54 4f 4f 4c 53 20 30 20 70 69 6e 67 20 0d 0a
NIE7 pc=00045d74 CBufferList::Putn r0=0c69885c r1=0cd1ed60 r2=0000000f r3=0cd1824c sp=0cc8257c lr=6009c7b0
NIE7 pc=00134fdc TNewScriptEndpointClient::DoOutput r0=0c6982b4 r1=0ce3043c r2=0cde4cf0 r3=0ce30444 sp=0cde4cf0 lr=00139010
NIE7 pc=00135440 TNewScriptEndpointClient::OutputData r0=0c6982b4 r1=0ce3043c r2=00000003 r3=00000000 sp=0cde4ca8 lr=00135220
NIE7 pc=00382bbc TEndpoint::nSnd(raw) r0=0c698660 r1=0c698b98 r2=0cde4c68 r3=00000001 sp=0cde4c5c lr=00135560
NIE7 pc=00383854 PConnectionEnd::PutBytesStart r0=0cd1d30c r1=0c6989bc r2=0cd1d4e4 r3=000067a9 sp=0cc82640 lr=00072980
NIE7 pc=00046298 CBufferList::GetSize r0=0c6989bc r1=0c6989bc r2=ffffffff r3=ffffffff sp=0cc82528 lr=6008ad30
TCPDIAG native SendBuffer r1=0cd19f28 r2=71
TCPDIAG native SendPacket addr=0cd19f28 size=71
TCPDIAG native frame 00 fa c0 a8 01 01 58 b0 35 77 d7 22 08 00 45 00 00 39 00 0b 00 00 40 06 ae b7 c0 a8 01 2a 0a 2a 00 01 82 1d 46 a1 0e cc 90 35 00 00 00 1f 50 10 10 00 f7 8e 00 00 30 0d 0a 72 65 73 75 6c 74 0d 0a 70 6f 6e 67 0d 0a
TCPDIAG state=kStateConnectedWaitACK size=71 iptotal=57 iphdr=20 tcphdr=20 payload=17 flags=0x010 seq=248287285 ack=31 src=33309 dst=18081
TCPDIAG host-send requested=17 sent=17 errno=0
NIE7 pc=00046298 CBufferList::GetSize r0=0c6989bc r1=00010024 r2=0cd1fd60 r3=0cd2017f sp=0cc82618 lr=6009be90
NIE7 pc=00046298 CBufferList::GetSize r0=0c69885c r1=0c69885c r2=00010064 r3=000067a9 sp=0cc82620 lr=6009c4b8
NIE7 pc=00135904 TNewScriptEndpointClient::SndComplete r0=0c6982b4 r1=0cde5158 r2=0001f26c r3=0cde5158 sp=0cde50c4 lr=001386e4
NIE7 pc=00134fdc TNewScriptEndpointClient::DoOutput r0=0c6982b4 r1=0ce3040c r2=0cde4d14 r3=0ce30414 sp=0cde4d14 lr=00139010
NIE7 pc=00135440 TNewScriptEndpointClient::OutputData r0=0c6982b4 r1=0ce3040c r2=00000003 r3=00000000 sp=0cde4ccc lr=00135220
NIE7 pc=00382bbc TEndpoint::nSnd(raw) r0=0c698660 r1=0c697e1c r2=0cde4c8c r3=00000001 sp=0cde4c80 lr=00135560
NIE7 pc=00383854 PConnectionEnd::PutBytesStart r0=0cd1d30c r1=0c6989bc r2=0cd1d4e4 r3=000067a9 sp=0cc82640 lr=00072980
NIE7 pc=00046298 CBufferList::GetSize r0=0c6989bc r1=0c6989bc r2=ffffffff r3=ffffffff sp=0cc82528 lr=6008ad30
TCPDIAG native SendBuffer r1=0cd19f28 r2=60
TCPDIAG native SendPacket addr=0cd19f28 size=60
TCPDIAG native frame 00 fa c0 a8 01 01 58 b0 35 77 d7 22 08 00 45 00 00 2e 00 0c 00 00 40 06 ae c1 c0 a8 01 2a 0a 2a 00 01 82 1d 46 a1 0e cc 90 46 00 00 00 1f 50 10 10 00 c2 3b 00 00 50 4f 4c 4c 0d 0a
TCPDIAG state=kStateConnected size=60 iptotal=46 iphdr=20 tcphdr=20 payload=6 flags=0x010 seq=248287302 ack=31 src=33309 dst=18081
TCPDIAG host-send requested=6 sent=6 errno=0
NIE7 pc=00046298 CBufferList::GetSize r0=0c6989bc r1=00010064 r2=0cd1fd60 r3=0cd2017f sp=0cc82618 lr=6009be90
NIE7 pc=00135904 TNewScriptEndpointClient::SndComplete r0=0c6982b4 r1=0cde5158 r2=0001f26c r3=0cde5158 sp=0cde50c4 lr=001386e4
TCPDIAG inbound frame 58 b0 35 77 d7 22 00 fa c0 a8 01 01 08 00 45 00 00 28 03 f1 00 00 40 06 aa e2 0a 2a 00 01 c0 a8 01 2a 46 a1 82 1d 00 00 00 2e 0e cc 90 46 50 10 10 00 6b d8 00 00
TCPDIAG native SendBuffer r1=0cd19f28 r2=54
TCPDIAG native SendPacket addr=0cd19f28 size=54
TCPDIAG native frame 00 fa c0 a8 01 01 58 b0 35 77 d7 22 08 00 45 00 00 28 00 0d 00 00 40 06 ae c6 c0 a8 01 2a 0a 2a 00 01 82 1d 46 a1 0e cc 90 4c 00 00 00 2e 50 10 10 00 6b d2 00 00
TCPDIAG state=kStateConnected size=54 iptotal=40 iphdr=20 tcphdr=20 payload=0 flags=0x010 seq=248287308 ack=46 src=33309 dst=18081
TCPDIAG inbound frame 58 b0 35 77 d7 22 00 fa c0 a8 01 01 08 00 45 00 00 28 03 f2 00 00 40 06 aa e1 0a 2a 00 01 c0 a8 01 2a 46 a1 82 1d 00 00 00 2e 0e cc 90 4c 50 10 10 00 6b d2 00 00
TCPDIAG inbound frame 58 b0 35 77 d7 22 00 fa c0 a8 01 01 08 00 45 00 00 37 03 f3 00 00 40 06 aa d1 0a 2a 00 01 c0 a8 01 2a 46 a1 82 1d 00 00 00 2e 0e cc 90 4c 50 10 10 00 3c 09 00 00 54 4f 4f 4c 53 20 30 20 70 69 6e 67 20 0d 0a
NIE7 pc=00045d74 CBufferList::Putn r0=0c69885c r1=0cd1ed60 r2=0000000f r3=0cd1824c sp=0cc8257c lr=6009c7b0
NIE7 pc=00134fdc TNewScriptEndpointClient::DoOutput r0=0c6982b4 r1=0ce3043c r2=0cde4cf0 r3=0ce30444 sp=0cde4cf0 lr=00139010
NIE7 pc=00135440 TNewScriptEndpointClient::OutputData r0=0c6982b4 r1=0ce3043c r2=00000003 r3=00000000 sp=0cde4ca8 lr=00135220
NIE7 pc=00382bbc TEndpoint::nSnd(raw) r0=0c698660 r1=0c698b9c r2=0cde4c68 r3=00000001 sp=0cde4c5c lr=00135560
NIE7 pc=00383854 PConnectionEnd::PutBytesStart r0=0cd1d30c r1=0c6989bc r2=0cd1d4e4 r3=000067a9 sp=0cc82640 lr=00072980
NIE7 pc=00046298 CBufferList::GetSize r0=0c6989bc r1=0c6989bc r2=ffffffff r3=ffffffff sp=0cc82528 lr=6008ad30
TCPDIAG native SendBuffer r1=0cd19f28 r2=71
TCPDIAG native SendPacket addr=0cd19f28 size=71
TCPDIAG native frame 00 fa c0 a8 01 01 58 b0 35 77 d7 22 08 00 45 00 00 39 00 0e 00 00 40 06 ae b4 c0 a8 01 2a 0a 2a 00 01 82 1d 46 a1 0e cc 90 4c 00 00 00 2e 50 10 10 00 f7 68 00 00 30 0d 0a 72 65 73 75 6c 74 0d 0a 70 6f 6e 67 0d 0a
TCPDIAG state=kStateConnectedWaitACK size=71 iptotal=57 iphdr=20 tcphdr=20 payload=17 flags=0x010 seq=248287308 ack=46 src=33309 dst=18081
TCPDIAG host-send requested=17 sent=17 errno=0
NIE7 pc=00046298 CBufferList::GetSize r0=0c6989bc r1=00010024 r2=0cd1fd60 r3=0cd2017f sp=0cc82618 lr=6009be90
NIE7 pc=00046298 CBufferList::GetSize r0=0c69885c r1=0c69885c r2=00010064 r3=000067a9 sp=0cc82620 lr=6009c4b8
NIE7 pc=00135904 TNewScriptEndpointClient::SndComplete r0=0c6982b4 r1=0cde5158 r2=0001f26c r3=0cde5158 sp=0cde50c4 lr=001386e4
NIE7 pc=00134fdc TNewScriptEndpointClient::DoOutput r0=0c6982b4 r1=0ce3040c r2=0cde4d14 r3=0ce30414 sp=0cde4d14 lr=00139010
NIE7 pc=00135440 TNewScriptEndpointClient::OutputData r0=0c6982b4 r1=0ce3040c r2=00000003 r3=00000000 sp=0cde4ccc lr=00135220
NIE7 pc=00382bbc TEndpoint::nSnd(raw) r0=0c698660 r1=0c698a40 r2=0cde4c8c r3=00000001 sp=0cde4c80 lr=00135560
NIE7 pc=00383854 PConnectionEnd::PutBytesStart r0=0cd1d30c r1=0c6989bc r2=0cd1d4e4 r3=000067a9 sp=0cc82640 lr=00072980
NIE7 pc=00046298 CBufferList::GetSize r0=0c6989bc r1=0c6989bc r2=ffffffff r3=ffffffff sp=0cc82528 lr=6008ad30
TCPDIAG native SendBuffer r1=0cd19f28 r2=60
TCPDIAG native SendPacket addr=0cd19f28 size=60
TCPDIAG native frame 00 fa c0 a8 01 01 58 b0 35 77 d7 22 08 00 45 00 00 2e 00 0f 00 00 40 06 ae be c0 a8 01 2a 0a 2a 00 01 82 1d 46 a1 0e cc 90 5d 00 00 00 2e 50 10 10 00 c2 15 00 00 50 4f 4c 4c 0d 0a
TCPDIAG state=kStateConnected size=60 iptotal=46 iphdr=20 tcphdr=20 payload=6 flags=0x010 seq=248287325 ack=46 src=33309 dst=18081
TCPDIAG host-send requested=6 sent=6 errno=0
NIE7 pc=00046298 CBufferList::GetSize r0=0c6989bc r1=00010064 r2=0cd1fd60 r3=0cd2017f sp=0cc82618 lr=6009be90
NIE7 pc=00135904 TNewScriptEndpointClient::SndComplete r0=0c6982b4 r1=0cde5158 r2=0001f26c r3=0cde5158 sp=0cde50c4 lr=001386e4
TCPDIAG inbound frame 58 b0 35 77 d7 22 00 fa c0 a8 01 01 08 00 45 00 00 28 03 f4 00 00 40 06 aa df 0a 2a 00 01 c0 a8 01 2a 46 a1 82 1d 00 00 00 3d 0e cc 90 5d 50 10 10 00 6b b2 00 00
TCPDIAG native SendBuffer r1=0cd19f28 r2=54
TCPDIAG native SendPacket addr=0cd19f28 size=54
TCPDIAG native frame 00 fa c0 a8 01 01 58 b0 35 77 d7 22 08 00 45 00 00 28 00 10 00 00 40 06 ae c3 c0 a8 01 2a 0a 2a 00 01 82 1d 46 a1 0e cc 90 63 00 00 00 3d 50 10 10 00 6b ac 00 00
TCPDIAG state=kStateConnected size=54 iptotal=40 iphdr=20 tcphdr=20 payload=0 flags=0x010 seq=248287331 ack=61 src=33309 dst=18081
TCPDIAG inbound frame 58 b0 35 77 d7 22 00 fa c0 a8 01 01 08 00 45 00 00 28 03 f5 00 00 40 06 aa de 0a 2a 00 01 c0 a8 01 2a 46 a1 82 1d 00 00 00 3d 0e cc 90 63 50 10 10 00 6b ac 00 00
[emulator-control] 127.0.0.1 "GET /health HTTP/1.1" 200 -
TCPDIAG inbound frame 58 b0 35 77 d7 22 00 fa c0 a8 01 01 08 00 45 00 00 37 03 f6 00 00 40 06 aa ce 0a 2a 00 01 c0 a8 01 2a 46 a1 82 1d 00 00 00 3d 0e cc 90 63 50 10 10 00 3b e3 00 00 54 4f 4f 4c 53 20 30 20 70 69 6e 67 20 0d 0a
NIE7 pc=00045d74 CBufferList::Putn r0=0c69885c r1=0cd1ed60 r2=0000000f r3=0cd1824c sp=0cc8257c lr=6009c7b0
NIE7 pc=00134fdc TNewScriptEndpointClient::DoOutput r0=0c6982b4 r1=0ce3043c r2=0cde4cf0 r3=0ce30444 sp=0cde4cf0 lr=00139010
NIE7 pc=00135440 TNewScriptEndpointClient::OutputData r0=0c6982b4 r1=0ce3043c r2=00000003 r3=00000000 sp=0cde4ca8 lr=00135220
NIE7 pc=00382bbc TEndpoint::nSnd(raw) r0=0c698660 r1=0c698b98 r2=0cde4c68 r3=00000001 sp=0cde4c5c lr=00135560
NIE7 pc=00383854 PConnectionEnd::PutBytesStart r0=0cd1d30c r1=0c6989bc r2=0cd1d4e4 r3=000067a9 sp=0cc82640 lr=00072980
NIE7 pc=00046298 CBufferList::GetSize r0=0c6989bc r1=0c6989bc r2=ffffffff r3=ffffffff sp=0cc82528 lr=6008ad30
TCPDIAG native SendBuffer r1=0cd19f28 r2=71
TCPDIAG native SendPacket addr=0cd19f28 size=71
TCPDIAG native frame 00 fa c0 a8 01 01 58 b0 35 77 d7 22 08 00 45 00 00 39 00 11 00 00 40 06 ae b1 c0 a8 01 2a 0a 2a 00 01 82 1d 46 a1 0e cc 90 63 00 00 00 3d 50 10 10 00 f7 42 00 00 30 0d 0a 72 65 73 75 6c 74 0d 0a 70 6f 6e 67 0d 0a
TCPDIAG state=kStateConnectedWaitACK size=71 iptotal=57 iphdr=20 tcphdr=20 payload=17 flags=0x010 seq=248287331 ack=61 src=33309 dst=18081
TCPDIAG host-send requested=17 sent=17 errno=0
NIE7 pc=00046298 CBufferList::GetSize r0=0c6989bc r1=00010024 r2=0cd1fd60 r3=0cd2017f sp=0cc82618 lr=6009be90
NIE7 pc=00046298 CBufferList::GetSize r0=0c69885c r1=0c69885c r2=00010064 r3=000067a9 sp=0cc82620 lr=6009c4b8
NIE7 pc=00135904 TNewScriptEndpointClient::SndComplete r0=0c6982b4 r1=0cde5158 r2=0001f26c r3=0cde5158 sp=0cde50c4 lr=001386e4
NIE7 pc=00134fdc TNewScriptEndpointClient::DoOutput r0=0c6982b4 r1=0ce3040c r2=0cde4d14 r3=0ce30414 sp=0cde4d14 lr=00139010
NIE7 pc=00135440 TNewScriptEndpointClient::OutputData r0=0c6982b4 r1=0ce3040c r2=00000003 r3=00000000 sp=0cde4ccc lr=00135220
NIE7 pc=00382bbc TEndpoint::nSnd(raw) r0=0c698660 r1=0c697e1c r2=0cde4c8c r3=00000001 sp=0cde4c80 lr=00135560
NIE7 pc=00383854 PConnectionEnd::PutBytesStart r0=0cd1d30c r1=0c6989bc r2=0cd1d4e4 r3=000067a9 sp=0cc82640 lr=00072980
NIE7 pc=00046298 CBufferList::GetSize r0=0c6989bc r1=0c6989bc r2=ffffffff r3=ffffffff sp=0cc82528 lr=6008ad30
TCPDIAG native SendBuffer r1=0cd19f28 r2=60
TCPDIAG native SendPacket addr=0cd19f28 size=60
TCPDIAG native frame 00 fa c0 a8 01 01 58 b0 35 77 d7 22 08 00 45 00 00 2e 00 12 00 00 40 06 ae bb c0 a8 01 2a 0a 2a 00 01 82 1d 46 a1 0e cc 90 74 00 00 00 3d 50 10 10 00 c1 ef 00 00 50 4f 4c 4c 0d 0a
TCPDIAG state=kStateConnected size=60 iptotal=46 iphdr=20 tcphdr=20 payload=6 flags=0x010 seq=248287348 ack=61 src=33309 dst=18081
TCPDIAG host-send requested=6 sent=6 errno=0
NIE7 pc=00046298 CBufferList::GetSize r0=0c6989bc r1=00010064 r2=0cd1fd60 r3=0cd2017f sp=0cc82618 lr=6009be90
NIE7 pc=00135904 TNewScriptEndpointClient::SndComplete r0=0c6982b4 r1=0cde5158 r2=0001f26c r3=0cde5158 sp=0cde50c4 lr=001386e4
TCPDIAG inbound frame 58 b0 35 77 d7 22 00 fa c0 a8 01 01 08 00 45 00 00 28 03 f7 00 00 40 06 aa dc 0a 2a 00 01 c0 a8 01 2a 46 a1 82 1d 00 00 00 4c 0e cc 90 74 50 10 10 00 6b 8c 00 00
TCPDIAG native SendBuffer r1=0cd19f28 r2=54
TCPDIAG native SendPacket addr=0cd19f28 size=54
TCPDIAG native frame 00 fa c0 a8 01 01 58 b0 35 77 d7 22 08 00 45 00 00 28 00 13 00 00 40 06 ae c0 c0 a8 01 2a 0a 2a 00 01 82 1d 46 a1 0e cc 90 7a 00 00 00 4c 50 10 10 00 6b 86 00 00
TCPDIAG state=kStateConnected size=54 iptotal=40 iphdr=20 tcphdr=20 payload=0 flags=0x010 seq=248287354 ack=76 src=33309 dst=18081
[emulator-control] 10.89.10.7 "POST /tap HTTP/1.1" 200 -
TCPDIAG inbound frame 58 b0 35 77 d7 22 00 fa c0 a8 01 01 08 00 45 00 00 28 03 f8 00 00 40 06 aa db 0a 2a 00 01 c0 a8 01 2a 46 a1 82 1d 00 00 00 4c 0e cc 90 7a 50 10 10 00 6b 86 00 00
[emulator-control] 10.89.10.7 "POST /install HTTP/1.1" 200 -
TCPDIAG inbound frame 58 b0 35 77 d7 22 00 fa c0 a8 01 01 08 00 45 00 00 37 03 f9 00 00 40 06 aa cb 0a 2a 00 01 c0 a8 01 2a 46 a1 82 1d 00 00 00 4c 0e cc 90 7a 50 10 10 00 3b bd 00 00 54 4f 4f 4c 53 20 30 20 70 69 6e 67 20 0d 0a
NIE7 pc=00045d74 CBufferList::Putn r0=0c69885c r1=0cd1ed60 r2=0000000f r3=0cd1824c sp=0cc8257c lr=6009c7b0
NIE7 pc=00134fdc TNewScriptEndpointClient::DoOutput r0=0c6982b4 r1=0ce9343c r2=0cd060f0 r3=0ce93444 sp=0cd060f0 lr=00139010
NIE7 pc=00135440 TNewScriptEndpointClient::OutputData r0=0c6982b4 r1=0ce9343c r2=00000003 r3=00000000 sp=0cd060a8 lr=00135220
NIE7 pc=00382bbc TEndpoint::nSnd(raw) r0=0c698660 r1=0c69a460 r2=0cd06068 r3=00000001 sp=0cd0605c lr=00135560
NIE7 pc=00383854 PConnectionEnd::PutBytesStart r0=0cd1d30c r1=0c6989bc r2=0cd1d4e4 r3=000067a9 sp=0cc82640 lr=00072980
NIE7 pc=00046298 CBufferList::GetSize r0=0c6989bc r1=0c6989bc r2=ffffffff r3=ffffffff sp=0cc82528 lr=6008ad30
TCPDIAG native SendBuffer r1=0cd19f28 r2=71
TCPDIAG native SendPacket addr=0cd19f28 size=71
TCPDIAG native frame 00 fa c0 a8 01 01 58 b0 35 77 d7 22 08 00 45 00 00 39 00 14 00 00 40 06 ae ae c0 a8 01 2a 0a 2a 00 01 82 1d 46 a1 0e cc 90 7a 00 00 00 4c 50 10 10 00 f7 1c 00 00 30 0d 0a 72 65 73 75 6c 74 0d 0a 70 6f 6e 67 0d 0a
TCPDIAG state=kStateConnectedWaitACK size=71 iptotal=57 iphdr=20 tcphdr=20 payload=17 flags=0x010 seq=248287354 ack=76 src=33309 dst=18081
TCPDIAG host-send requested=17 sent=17 errno=0
NIE7 pc=00046298 CBufferList::GetSize r0=0c6989bc r1=00010024 r2=0cd1fd60 r3=0cd2017f sp=0cc82618 lr=6009be90
NIE7 pc=00046298 CBufferList::GetSize r0=0c69885c r1=0c69885c r2=00010064 r3=000067a9 sp=0cc82620 lr=6009c4b8
NIE7 pc=00135904 TNewScriptEndpointClient::SndComplete r0=0c6982b4 r1=0cd06558 r2=0001f26c r3=0cd06558 sp=0cd064c4 lr=001386e4
NIE7 pc=00134fdc TNewScriptEndpointClient::DoOutput r0=0c6982b4 r1=0ce9340c r2=0cd06114 r3=0ce93414 sp=0cd06114 lr=00139010
NIE7 pc=00135440 TNewScriptEndpointClient::OutputData r0=0c6982b4 r1=0ce9340c r2=00000003 r3=00000000 sp=0cd060cc lr=00135220
NIE7 pc=00382bbc TEndpoint::nSnd(raw) r0=0c698660 r1=0c697e1c r2=0cd0608c r3=00000001 sp=0cd06080 lr=00135560
NIE7 pc=00383854 PConnectionEnd::PutBytesStart r0=0cd1d30c r1=0c6989bc r2=0cd1d4e4 r3=000067a9 sp=0cc82640 lr=00072980
NIE7 pc=00046298 CBufferList::GetSize r0=0c6989bc r1=0c6989bc r2=ffffffff r3=ffffffff sp=0cc82528 lr=6008ad30
TCPDIAG native SendBuffer r1=0cd19f28 r2=60
TCPDIAG native SendPacket addr=0cd19f28 size=60
TCPDIAG native frame 00 fa c0 a8 01 01 58 b0 35 77 d7 22 08 00 45 00 00 2e 00 15 00 00 40 06 ae b8 c0 a8 01 2a 0a 2a 00 01 82 1d 46 a1 0e cc 90 8b 00 00 00 4c 50 10 10 00 c1 c9 00 00 50 4f 4c 4c 0d 0a
TCPDIAG state=kStateConnected size=60 iptotal=46 iphdr=20 tcphdr=20 payload=6 flags=0x010 seq=248287371 ack=76 src=33309 dst=18081
TCPDIAG host-send requested=6 sent=6 errno=0
NIE7 pc=00046298 CBufferList::GetSize r0=0c6989bc r1=00010064 r2=0cd1fd60 r3=0cd2017f sp=0cc82618 lr=6009be90
NIE7 pc=00135904 TNewScriptEndpointClient::SndComplete r0=0c6982b4 r1=0cd06558 r2=0001f26c r3=0cd06558 sp=0cd064c4 lr=001386e4
TCPDIAG native SendBuffer r1=0cd19f28 r2=54
TCPDIAG native SendPacket addr=0cd19f28 size=54
TCPDIAG native frame 00 fa c0 a8 01 01 58 b0 35 77 d7 22 08 00 45 00 00 28 00 16 00 00 40 06 ae bd c0 a8 01 2a 0a 2a 00 01 82 1d 46 a1 0e cc 90 91 00 00 00 5b 50 10 10 00 6b 60 00 00
TCPDIAG state=kStateConnected size=54 iptotal=40 iphdr=20 tcphdr=20 payload=0 flags=0x010 seq=248287377 ack=91 src=33309 dst=18081
TCPDIAG inbound frame 58 b0 35 77 d7 22 00 fa c0 a8 01 01 08 00 45 00 00 28 03 fa 00 00 40 06 aa d9 0a 2a 00 01 c0 a8 01 2a 46 a1 82 1d 00 00 00 5b 0e cc 90 8b 50 10 10 00 6b 66 00 00
TCPDIAG native SendBuffer r1=0cd19f28 r2=54
TCPDIAG native SendPacket addr=0cd19f28 size=54
TCPDIAG native frame 00 fa c0 a8 01 01 58 b0 35 77 d7 22 08 00 45 00 00 28 00 17 00 00 40 06 ae bc c0 a8 01 2a 0a 2a 00 01 82 1d 46 a1 0e cc 90 91 00 00 00 5b 50 11 10 00 6b 5f 00 00
TCPDIAG state=kStateConnected size=54 iptotal=40 iphdr=20 tcphdr=20 payload=0 flags=0x011 seq=248287377 ack=91 src=33309 dst=18081
TCPDIAG inbound frame 58 b0 35 77 d7 22 00 fa c0 a8 01 01 08 00 45 00 00 28 03 fb 00 00 40 06 aa d8 0a 2a 00 01 c0 a8 01 2a 46 a1 82 1d 00 00 00 5b 0e cc 90 91 50 10 10 00 6b 60 00 00
TCPDIAG inbound frame 58 b0 35 77 d7 22 00 fa c0 a8 01 01 08 00 45 00 00 28 03 fc 00 00 40 06 aa d7 0a 2a 00 01 c0 a8 01 2a 46 a1 82 1d 00 00 00 5b 0e cc 90 92 50 11 10 00 6b 5e 00 00
TCPDIAG native SendBuffer r1=0cd19f28 r2=54
TCPDIAG native SendPacket addr=0cd19f28 size=54
TCPDIAG native frame 00 fa c0 a8 01 01 58 b0 35 77 d7 22 08 00 45 00 00 28 00 18 00 00 40 06 ae bb c0 a8 01 2a 0a 2a 00 01 82 1d 46 a1 0e cc 90 92 00 00 00 5c 50 10 10 00 6b 5e 00 00
TCPDIAG state=kStateNewtonDiscWaitForACK size=54 iptotal=40 iphdr=20 tcphdr=20 payload=0 flags=0x010 seq=248287378 ack=92 src=33309 dst=18081
TCPDIAG native SendBuffer r1=0cd19f28 r2=590
TCPDIAG native SendPacket addr=0cd19f28 size=590
[emulator-control] 10.89.10.7 "GET /screen.png HTTP/1.1" 200 -
[emulator-control] 127.0.0.1 "GET /health HTTP/1.1" 200 -
[emulator-control] 10.89.10.7 "POST /tap HTTP/1.1" 200 -
[emulator-control] 10.89.10.7 "GET /screen.png HTTP/1.1" 200 -
[emulator-control] 10.89.10.7 "POST /tap HTTP/1.1" 200 -
TCPDIAG native SendBuffer r1=0cd19f28 r2=590
TCPDIAG native SendPacket addr=0cd19f28 size=590
TCPDIAG native SendBuffer r1=0cd19f28 r2=590
TCPDIAG native SendPacket addr=0cd19f28 size=590
TCPDIAG native SendBuffer r1=0cd19f28 r2=42
TCPDIAG native SendPacket addr=0cd19f28 size=42
TCPDIAG native frame ff ff ff ff ff ff 58 b0 35 77 d7 22 08 06 00 01 08 00 06 04 00 01 58 b0 35 77 d7 22 c0 a8 01 2a 00 00 00 00 00 00 c0 a8 01 01
[emulator-control] 10.89.10.7 "GET /screen.png HTTP/1.1" 200 -
TCPDIAG inbound frame 58 b0 35 77 d7 22 ff ff ff ff ff ff 08 06 00 01 08 00 06 04 00 02 00 fa c0 a8 01 01 c0 a8 01 01 58 b0 35 77 d7 22 c0 a8 01 2a
TCPDIAG native SendBuffer r1=0cd19f28 r2=58
TCPDIAG native SendPacket addr=0cd19f28 size=58
TCPDIAG native frame 00 fa c0 a8 01 01 58 b0 35 77 d7 22 08 00 45 00 00 2c 00 02 00 00 40 06 ae cd c0 a8 01 2a 0a 2a 00 01 83 e0 46 a1 0e cb cc b0 00 00 00 00 60 02 10 00 16 2c 00 00 02 04 05 b4
TCPDIAG state=kStateDisconnected size=58 iptotal=44 iphdr=20 tcphdr=24 payload=0 flags=0x002 seq=248237232 ack=0 src=33760 dst=18081
TCPDIAG native SendBuffer r1=0cd19f28 r2=58
TCPDIAG native SendPacket addr=0cd19f28 size=58
TCPDIAG native frame 00 fa c0 a8 01 01 58 b0 35 77 d7 22 08 00 45 00 00 2c 00 03 00 00 40 06 ae cc c0 a8 01 2a 0a 2a 00 01 80 f8 46 a1 0e cb cc b0 00 00 00 00 60 02 10 00 19 14 00 00 02 04 05 b4
TCPDIAG state=kStateDisconnected size=58 iptotal=44 iphdr=20 tcphdr=24 payload=0 flags=0x002 seq=248237232 ack=0 src=33016 dst=18081
TCPDIAG inbound frame 58 b0 35 77 d7 22 00 fa c0 a8 01 01 08 00 45 00 00 2c 03 e8 00 00 40 06 aa e7 0a 2a 00 01 c0 a8 01 2a 46 a1 83 e0 00 00 00 00 0e cb cc b1 60 12 10 00 16 1b 00 00 02 04 05 b4
TCPDIAG native SendBuffer r1=0cd19f28 r2=54
TCPDIAG native SendPacket addr=0cd19f28 size=54
TCPDIAG native frame 00 fa c0 a8 01 01 58 b0 35 77 d7 22 08 00 45 00 00 28 00 04 00 00 40 06 ae cf c0 a8 01 2a 0a 2a 00 01 83 e0 46 a1 0e cb cc b1 00 00 00 01 50 10 10 00 2d d8 00 00
TCPDIAG state=kStateConnectionWaitACK size=54 iptotal=40 iphdr=20 tcphdr=20 payload=0 flags=0x010 seq=248237233 ack=1 src=33760 dst=18081
NIE7 pc=00134fdc TNewScriptEndpointClient::DoOutput r0=0c699d28 r1=0ce8b00c r2=0cced554 r3=0ce8b014 sp=0cced554 lr=00139010
NIE7 pc=00135440 TNewScriptEndpointClient::OutputData r0=0c699d28 r1=0ce8b00c r2=00000003 r3=00000000 sp=0cced50c lr=00135220
NIE7 pc=00382bbc TEndpoint::nSnd(raw) r0=0c69a0c4 r1=0c69a5c8 r2=0cced4cc r3=00000001 sp=0cced4c0 lr=00135560
NIE7 pc=00383854 PConnectionEnd::PutBytesStart r0=0cd1d30c r1=0c69a448 r2=0cd1d4e4 r3=00008269 sp=0cc82640 lr=00072980
NIE7 pc=00046298 CBufferList::GetSize r0=0c69a448 r1=0c69a448 r2=ffffffff r3=ffffffff sp=0cc82528 lr=6008ad30
TCPDIAG native SendBuffer r1=0cd19f28 r2=60
TCPDIAG native SendPacket addr=0cd19f28 size=60
TCPDIAG native frame 00 fa c0 a8 01 01 58 b0 35 77 d7 22 08 00 45 00 00 2e 00 05 00 00 40 06 ae c8 c0 a8 01 2a 0a 2a 00 01 83 e0 46 a1 0e cb cc b1 00 00 00 01 50 10 10 00 84 2c 00 00 50 4f 4c 4c 0d 0a
TCPDIAG state=kStateConnected size=60 iptotal=46 iphdr=20 tcphdr=20 payload=6 flags=0x010 seq=248237233 ack=1 src=33760 dst=18081
TCPDIAG host-send requested=6 sent=6 errno=0
NIE7 pc=00046298 CBufferList::GetSize r0=0c69a448 r1=00010024 r2=0cd1f5d4 r3=0cd1f9f3 sp=0cc82618 lr=6009be90
NIE7 pc=00135904 TNewScriptEndpointClient::SndComplete r0=0c699d28 r1=0cced958 r2=0001f26c r3=0cced958 sp=0cced8c4 lr=001386e4
NIE7 pc=00046298 CBufferList::GetSize r0=0c69a2e8 r1=0c69a2e8 r2=00010064 r3=00008269 sp=0cc82620 lr=6009c4b8
TCPDIAG inbound frame 58 b0 35 77 d7 22 00 fa c0 a8 01 01 08 00 45 00 00 2c 03 e8 00 00 40 06 aa e7 0a 2a 00 01 c0 a8 01 2a 46 a1 80 f8 00 00 00 00 0e cb cc b1 60 12 10 00 19 03 00 00 02 04 05 b4
TCPDIAG native SendBuffer r1=0cd19f28 r2=54
TCPDIAG native SendPacket addr=0cd19f28 size=54
TCPDIAG native frame 00 fa c0 a8 01 01 58 b0 35 77 d7 22 08 00 45 00 00 28 00 06 00 00 40 06 ae cd c0 a8 01 2a 0a 2a 00 01 80 f8 46 a1 0e cb cc b1 00 00 00 01 50 10 10 00 30 c0 00 00
TCPDIAG state=kStateConnectionWaitACK size=54 iptotal=40 iphdr=20 tcphdr=20 payload=0 flags=0x010 seq=248237233 ack=1 src=33016 dst=18081
NIE7 pc=00134fdc TNewScriptEndpointClient::DoOutput r0=0c69a614 r1=0ce8b014 r2=0cced554 r3=0ce8b01c sp=0cced554 lr=00139010
NIE7 pc=00135440 TNewScriptEndpointClient::OutputData r0=0c69a614 r1=0ce8b014 r2=00000003 r3=00000000 sp=0cced50c lr=00135220
NIE7 pc=00382bbc TEndpoint::nSnd(raw) r0=0c69a9b0 r1=0c69b744 r2=0cced4cc r3=00000001 sp=0cced4c0 lr=00135560
NIE7 pc=00046298 CBufferList::GetSize r0=0c69abd4 r1=0c69abd4 r2=00010064 r3=00008479 sp=0cc82620 lr=6009c4b8
NIE7 pc=00383854 PConnectionEnd::PutBytesStart r0=0cd1e61c r1=0c69ad34 r2=0cd1e7f4 r3=00008479 sp=0cc82640 lr=00072980
NIE7 pc=00046298 CBufferList::GetSize r0=0c69ad34 r1=0c69ad34 r2=ffffffff r3=ffffffff sp=0cc82528 lr=6008ad30
TCPDIAG native SendBuffer r1=0cd19f28 r2=1514
TCPDIAG native SendPacket addr=0cd19f28 size=1514
TCPDIAG state=kStateConnected size=1514 iptotal=1500 iphdr=20 tcphdr=20 payload=1460 flags=0x010 seq=248237233 ack=1 src=33016 dst=18081
TCPDIAG host-send requested=1460 sent=1460 errno=0
TCPDIAG native SendBuffer r1=0cd19f28 r2=1514
TCPDIAG native SendPacket addr=0cd19f28 size=1514
TCPDIAG state=kStateConnected size=1514 iptotal=1500 iphdr=20 tcphdr=20 payload=1460 flags=0x010 seq=248238693 ack=1 src=33016 dst=18081
TCPDIAG host-send requested=1460 sent=1460 errno=0
NIE7 pc=00046298 CBufferList::GetSize r0=0c69ad34 r1=00010064 r2=0cd23384 r3=0cd237a3 sp=0cc82618 lr=6009be90
NIE7 pc=00135904 TNewScriptEndpointClient::SndComplete r0=0c69a614 r1=0cced958 r2=0001f26c r3=0cced958 sp=0cced8c4 lr=001386e4
TCPDIAG inbound frame 58 b0 35 77 d7 22 00 fa c0 a8 01 01 08 00 45 00 00 28 03 e9 00 00 40 06 aa ea 0a 2a 00 01 c0 a8 01 2a 46 a1 83 e0 00 00 00 01 0e cb cc b7 50 10 10 00 2d d2 00 00
TCPDIAG inbound frame 58 b0 35 77 d7 22 00 fa c0 a8 01 01 08 00 45 00 00 28 03 e9 00 00 40 06 aa ea 0a 2a 00 01 c0 a8 01 2a 46 a1 80 f8 00 00 00 01 0e cb d2 65 50 10 10 00 2b 0c 00 00
TCPDIAG native SendBuffer r1=0cd19f28 r2=1514
TCPDIAG native SendPacket addr=0cd19f28 size=1514
TCPDIAG state=kStateConnected size=1514 iptotal=1500 iphdr=20 tcphdr=20 payload=1460 flags=0x010 seq=248240153 ack=1 src=33016 dst=18081
TCPDIAG host-send requested=1460 sent=1460 errno=0
TCPDIAG inbound frame 58 b0 35 77 d7 22 00 fa c0 a8 01 01 08 00 45 00 00 28 03 ea 00 00 40 06 aa e9 0a 2a 00 01 c0 a8 01 2a 46 a1 80 f8 00 00 00 01 0e cb d8 19 50 10 10 00 25 58 00 00
TCPDIAG native SendBuffer r1=0cd19f28 r2=1514
TCPDIAG native SendPacket addr=0cd19f28 size=1514
TCPDIAG state=kStateConnected size=1514 iptotal=1500 iphdr=20 tcphdr=20 payload=1460 flags=0x010 seq=248241613 ack=1 src=33016 dst=18081
TCPDIAG host-send requested=1460 sent=1460 errno=0
TCPDIAG native SendBuffer r1=0cd19f28 r2=1112
TCPDIAG native SendPacket addr=0cd19f28 size=1112
TCPDIAG state=kStateConnected size=1112 iptotal=1098 iphdr=20 tcphdr=20 payload=1058 flags=0x010 seq=248243073 ack=1 src=33016 dst=18081
TCPDIAG host-send requested=1058 sent=1058 errno=0
TCPDIAG inbound frame 58 b0 35 77 d7 22 00 fa c0 a8 01 01 08 00 45 00 00 28 03 eb 00 00 40 06 aa e8 0a 2a 00 01 c0 a8 01 2a 46 a1 80 f8 00 00 00 01 0e cb dd cd 50 10 10 00 1f a4 00 00
TCPDIAG inbound frame 58 b0 35 77 d7 22 00 fa c0 a8 01 01 08 00 45 00 00 28 03 ec 00 00 40 06 aa e7 0a 2a 00 01 c0 a8 01 2a 46 a1 80 f8 00 00 00 01 0e cb e3 81 50 10 10 00 19 f0 00 00
TCPDIAG inbound frame 58 b0 35 77 d7 22 00 fa c0 a8 01 01 08 00 45 00 00 28 03 ed 00 00 40 06 aa e6 0a 2a 00 01 c0 a8 01 2a 46 a1 80 f8 00 00 00 01 0e cb e7 a3 50 10 10 00 15 ce 00 00
NIE7 pc=00045d74 CBufferList::Putn r0=0c69abd4 r1=0cd205f4 r2=000000bb r3=0cd184b4 sp=0cc8257c lr=6009c7b0
NIE7 pc=00046298 CBufferList::GetSize r0=0c69abd4 r1=0c69abd4 r2=00010064 r3=00008479 sp=0cc82620 lr=6009c4b8
TCPDIAG native SendBuffer r1=0cd19f28 r2=54
TCPDIAG native SendPacket addr=0cd19f28 size=54
TCPDIAG native frame 00 fa c0 a8 01 01 58 b0 35 77 d7 22 08 00 45 00 00 28 00 0c 00 00 40 06 ae c7 c0 a8 01 2a 0a 2a 00 01 80 f8 46 a1 0e cb e7 a3 00 00 00 bc 50 10 10 00 15 13 00 00
TCPDIAG state=kStateConnectedWaitACK size=54 iptotal=40 iphdr=20 tcphdr=20 payload=0 flags=0x010 seq=248244131 ack=188 src=33016 dst=18081
TCPDIAG inbound frame 58 b0 35 77 d7 22 00 fa c0 a8 01 01 08 00 45 00 00 28 03 ef 00 00 40 06 aa e4 0a 2a 00 01 c0 a8 01 2a 46 a1 80 f8 00 00 00 bc 0e cb e7 a3 50 11 10 00 15 12 00 00
TCPDIAG native SendBuffer r1=0cd19f28 r2=54
TCPDIAG native SendPacket addr=0cd19f28 size=54
TCPDIAG native frame 00 fa c0 a8 01 01 58 b0 35 77 d7 22 08 00 45 00 00 28 00 0d 00 00 40 06 ae c6 c0 a8 01 2a 0a 2a 00 01 80 f8 46 a1 0e cb e7 a3 00 00 00 bd 50 10 10 00 15 12 00 00
TCPDIAG state=kStatePeerDiscWaitForACK size=54 iptotal=40 iphdr=20 tcphdr=20 payload=0 flags=0x010 seq=248244131 ack=189 src=33016 dst=18081
NIE7 pc=00045d74 CBufferList::Putn r0=0c69abd4 r1=0cd205f4 r2=00000000 r3=0cd184b4 sp=0cc8257c lr=6009c7b0
NIE7 pc=00046298 CBufferList::GetSize r0=0c69abd4 r1=0c69abd4 r2=00010064 r3=00008479 sp=0cc82620 lr=6009c4b8
TCPDIAG inbound frame 58 b0 35 77 d7 22 00 fa c0 a8 01 01 08 00 45 00 00 37 03 ea 00 00 40 06 aa da 0a 2a 00 01 c0 a8 01 2a 46 a1 83 e0 00 00 00 01 0e cb cc b7 50 10 10 00 fe 08 00 00 54 4f 4f 4c 53 20 30 20 70 69 6e 67 20 0d 0a
NIE7 pc=00045d74 CBufferList::Putn r0=0c69a2e8 r1=0cd1f5e4 r2=0000000f r3=0cd1824c sp=0cc8257c lr=6009c7b0
NIE7 pc=00134fdc TNewScriptEndpointClient::DoOutput r0=0c699d28 r1=0ce8b03c r2=0cced4f0 r3=0ce8b044 sp=0cced4f0 lr=00139010
NIE7 pc=00135440 TNewScriptEndpointClient::OutputData r0=0c699d28 r1=0ce8b03c r2=00000003 r3=00000000 sp=0cced4a8 lr=00135220
NIE7 pc=00382bbc TEndpoint::nSnd(raw) r0=0c69a0c4 r1=0c69a5b4 r2=0cced468 r3=00000001 sp=0cced45c lr=00135560
NIE7 pc=00383854 PConnectionEnd::PutBytesStart r0=0cd1d30c r1=0c69a448 r2=0cd1d4e4 r3=00008269 sp=0cc82640 lr=00072980
NIE7 pc=00046298 CBufferList::GetSize r0=0c69a448 r1=0c69a448 r2=ffffffff r3=ffffffff sp=0cc82528 lr=6008ad30
TCPDIAG native SendBuffer r1=0cd19f28 r2=71
TCPDIAG native SendPacket addr=0cd19f28 size=71
TCPDIAG native frame 00 fa c0 a8 01 01 58 b0 35 77 d7 22 08 00 45 00 00 39 00 0e 00 00 40 06 ae b4 c0 a8 01 2a 0a 2a 00 01 83 e0 46 a1 0e cb cc b7 00 00 00 01 50 10 10 00 b9 68 00 00 30 0d 0a 72 65 73 75 6c 74 0d 0a 70 6f 6e 67 0d 0a
TCPDIAG state=kStateConnectedWaitACK size=71 iptotal=57 iphdr=20 tcphdr=20 payload=17 flags=0x010 seq=248237239 ack=1 src=33760 dst=18081
TCPDIAG host-send requested=17 sent=17 errno=0
NIE7 pc=00046298 CBufferList::GetSize r0=0c69a448 r1=00010024 r2=0cd215f4 r3=0cd21a13 sp=0cc82618 lr=6009be90
NIE7 pc=00046298 CBufferList::GetSize r0=0c69a2e8 r1=0c69a2e8 r2=00010064 r3=00008269 sp=0cc82620 lr=6009c4b8
NIE7 pc=00135904 TNewScriptEndpointClient::SndComplete r0=0c699d28 r1=0cced958 r2=0001f26c r3=0cced958 sp=0cced8c4 lr=001386e4
NIE7 pc=00134fdc TNewScriptEndpointClient::DoOutput r0=0c699d28 r1=0ce8b00c r2=0cced514 r3=0ce8b014 sp=0cced514 lr=00139010
NIE7 pc=00135440 TNewScriptEndpointClient::OutputData r0=0c699d28 r1=0ce8b00c r2=00000003 r3=00000000 sp=0cced4cc lr=00135220
NIE7 pc=00382bbc TEndpoint::nSnd(raw) r0=0c69a0c4 r1=0c69a5b4 r2=0cced48c r3=00000001 sp=0cced480 lr=00135560
NIE7 pc=00383854 PConnectionEnd::PutBytesStart r0=0cd1d30c r1=0c69a448 r2=0cd1d4e4 r3=00008269 sp=0cc82640 lr=00072980
NIE7 pc=00046298 CBufferList::GetSize r0=0c69a448 r1=0c69a448 r2=ffffffff r3=ffffffff sp=0cc82528 lr=6008ad30
TCPDIAG native SendBuffer r1=0cd19f28 r2=60
TCPDIAG native SendPacket addr=0cd19f28 size=60
TCPDIAG native frame 00 fa c0 a8 01 01 58 b0 35 77 d7 22 08 00 45 00 00 2e 00 0f 00 00 40 06 ae be c0 a8 01 2a 0a 2a 00 01 83 e0 46 a1 0e cb cc c8 00 00 00 01 50 10 10 00 84 15 00 00 50 4f 4c 4c 0d 0a
TCPDIAG state=kStateConnected size=60 iptotal=46 iphdr=20 tcphdr=20 payload=6 flags=0x010 seq=248237256 ack=1 src=33760 dst=18081
TCPDIAG host-send requested=6 sent=6 errno=0
NIE7 pc=00046298 CBufferList::GetSize r0=0c69a448 r1=00010064 r2=0cd215f4 r3=0cd21a13 sp=0cc82618 lr=6009be90
NIE7 pc=00135904 TNewScriptEndpointClient::SndComplete r0=0c699d28 r1=0cced958 r2=0001f26c r3=0cced958 sp=0cced8c4 lr=001386e4
TCPDIAG inbound frame 58 b0 35 77 d7 22 00 fa c0 a8 01 01 08 00 45 00 00 28 03 eb 00 00 40 06 aa e8 0a 2a 00 01 c0 a8 01 2a 46 a1 83 e0 00 00 00 10 0e cb cc c8 50 10 10 00 2d b2 00 00
TCPDIAG native SendBuffer r1=0cd19f28 r2=54
TCPDIAG native SendPacket addr=0cd19f28 size=54
TCPDIAG native frame 00 fa c0 a8 01 01 58 b0 35 77 d7 22 08 00 45 00 00 28 00 10 00 00 40 06 ae c3 c0 a8 01 2a 0a 2a 00 01 83 e0 46 a1 0e cb cc ce 00 00 00 10 50 10 10 00 2d ac 00 00
TCPDIAG state=kStateConnected size=54 iptotal=40 iphdr=20 tcphdr=20 payload=0 flags=0x010 seq=248237262 ack=16 src=33760 dst=18081
TCPDIAG inbound frame 58 b0 35 77 d7 22 00 fa c0 a8 01 01 08 00 45 00 00 28 03 ec 00 00 40 06 aa e7 0a 2a 00 01 c0 a8 01 2a 46 a1 83 e0 00 00 00 10 0e cb cc ce 50 10 10 00 2d ac 00 00
[emulator-control] 127.0.0.1 "GET /health HTTP/1.1" 200 -
TCPDIAG native SendBuffer r1=0cd19f28 r2=54
TCPDIAG native SendPacket addr=0cd19f28 size=54
TCPDIAG native frame 00 fa c0 a8 01 01 58 b0 35 77 d7 22 08 00 45 00 00 28 00 11 00 00 40 06 ae c2 c0 a8 01 2a 0a 2a 00 01 80 f8 46 a1 0e cb e7 a3 00 00 00 bd 50 11 10 00 15 11 00 00
TCPDIAG state=kStatePeerDiscWaitForFIN size=54 iptotal=40 iphdr=20 tcphdr=20 payload=0 flags=0x011 seq=248244131 ack=189 src=33016 dst=18081
TCPDIAG inbound frame 58 b0 35 77 d7 22 00 fa c0 a8 01 01 08 00 45 00 00 28 03 f0 00 00 40 06 aa e3 0a 2a 00 01 c0 a8 01 2a 46 a1 80 f8 00 00 00 bd 0e cb e7 a4 50 04 10 00 15 1d 00 00
TCPDIAG inbound frame 58 b0 35 77 d7 22 00 fa c0 a8 01 01 08 00 45 00 00 37 03 ed 00 00 40 06 aa d7 0a 2a 00 01 c0 a8 01 2a 46 a1 83 e0 00 00 00 10 0e cb cc ce 50 10 10 00 fd e2 00 00 54 4f 4f 4c 53 20 30 20 70 69 6e 67 20 0d 0a
NIE7 pc=00045d74 CBufferList::Putn r0=0c69a2e8 r1=0cd1f5e4 r2=0000000f r3=0cd1824c sp=0cc8257c lr=6009c7b0
NIE7 pc=00134fdc TNewScriptEndpointClient::DoOutput r0=0c699d28 r1=0ce8b03c r2=0cced4f0 r3=0ce8b044 sp=0cced4f0 lr=00139010
NIE7 pc=00135440 TNewScriptEndpointClient::OutputData r0=0c699d28 r1=0ce8b03c r2=00000003 r3=00000000 sp=0cced4a8 lr=00135220
NIE7 pc=00382bbc TEndpoint::nSnd(raw) r0=0c69a0c4 r1=0c69ae58 r2=0cced468 r3=00000001 sp=0cced45c lr=00135560
NIE7 pc=00383854 PConnectionEnd::PutBytesStart r0=0cd1d30c r1=0c69a448 r2=0cd1d4e4 r3=00008269 sp=0cc82640 lr=00072980
NIE7 pc=00046298 CBufferList::GetSize r0=0c69a448 r1=0c69a448 r2=ffffffff r3=ffffffff sp=0cc82528 lr=6008ad30
TCPDIAG native SendBuffer r1=0cd19f28 r2=71
TCPDIAG native SendPacket addr=0cd19f28 size=71
TCPDIAG native frame 00 fa c0 a8 01 01 58 b0 35 77 d7 22 08 00 45 00 00 39 00 12 00 00 40 06 ae b0 c0 a8 01 2a 0a 2a 00 01 83 e0 46 a1 0e cb cc ce 00 00 00 10 50 10 10 00 b9 42 00 00 30 0d 0a 72 65 73 75 6c 74 0d 0a 70 6f 6e 67 0d 0a
TCPDIAG state=kStateConnectedWaitACK size=71 iptotal=57 iphdr=20 tcphdr=20 payload=17 flags=0x010 seq=248237262 ack=16 src=33760 dst=18081
TCPDIAG host-send requested=17 sent=17 errno=0
NIE7 pc=00046298 CBufferList::GetSize r0=0c69a448 r1=00010024 r2=0cd215f4 r3=0cd21a13 sp=0cc82618 lr=6009be90
NIE7 pc=00046298 CBufferList::GetSize r0=0c69a2e8 r1=0c69a2e8 r2=00010064 r3=00008269 sp=0cc82620 lr=6009c4b8
NIE7 pc=00135904 TNewScriptEndpointClient::SndComplete r0=0c699d28 r1=0cced958 r2=0001f26c r3=0cced958 sp=0cced8c4 lr=001386e4
NIE7 pc=00134fdc TNewScriptEndpointClient::DoOutput r0=0c699d28 r1=0ce8b00c r2=0cced514 r3=0ce8b014 sp=0cced514 lr=00139010
NIE7 pc=00135440 TNewScriptEndpointClient::OutputData r0=0c699d28 r1=0ce8b00c r2=00000003 r3=00000000 sp=0cced4cc lr=00135220
NIE7 pc=00382bbc TEndpoint::nSnd(raw) r0=0c69a0c4 r1=0c69a564 r2=0cced48c r3=00000001 sp=0cced480 lr=00135560
NIE7 pc=00383854 PConnectionEnd::PutBytesStart r0=0cd1d30c r1=0c69a448 r2=0cd1d4e4 r3=00008269 sp=0cc82640 lr=00072980
NIE7 pc=00046298 CBufferList::GetSize r0=0c69a448 r1=0c69a448 r2=ffffffff r3=ffffffff sp=0cc82528 lr=6008ad30
TCPDIAG native SendBuffer r1=0cd19f28 r2=60
TCPDIAG native SendPacket addr=0cd19f28 size=60
TCPDIAG native frame 00 fa c0 a8 01 01 58 b0 35 77 d7 22 08 00 45 00 00 2e 00 13 00 00 40 06 ae ba c0 a8 01 2a 0a 2a 00 01 83 e0 46 a1 0e cb cc df 00 00 00 10 50 10 10 00 83 ef 00 00 50 4f 4c 4c 0d 0a
TCPDIAG state=kStateConnected size=60 iptotal=46 iphdr=20 tcphdr=20 payload=6 flags=0x010 seq=248237279 ack=16 src=33760 dst=18081
TCPDIAG host-send requested=6 sent=6 errno=0
NIE7 pc=00046298 CBufferList::GetSize r0=0c69a448 r1=00010064 r2=0cd215f4 r3=0cd21a13 sp=0cc82618 lr=6009be90
NIE7 pc=00135904 TNewScriptEndpointClient::SndComplete r0=0c699d28 r1=0cced958 r2=0001f26c r3=0cced958 sp=0cced8c4 lr=001386e4
TCPDIAG native SendBuffer r1=0cd19f28 r2=54
TCPDIAG native SendPacket addr=0cd19f28 size=54
TCPDIAG native frame 00 fa c0 a8 01 01 58 b0 35 77 d7 22 08 00 45 00 00 28 00 14 00 00 40 06 ae bf c0 a8 01 2a 0a 2a 00 01 83 e0 46 a1 0e cb cc e5 00 00 00 1f 50 10 10 00 2d 86 00 00
TCPDIAG state=kStateConnected size=54 iptotal=40 iphdr=20 tcphdr=20 payload=0 flags=0x010 seq=248237285 ack=31 src=33760 dst=18081
TCPDIAG inbound frame 58 b0 35 77 d7 22 00 fa c0 a8 01 01 08 00 45 00 00 28 03 ee 00 00 40 06 aa e5 0a 2a 00 01 c0 a8 01 2a 46 a1 83 e0 00 00 00 1f 0e cb cc df 50 10 10 00 2d 8c 00 00
TCPDIAG inbound frame 58 b0 35 77 d7 22 00 fa c0 a8 01 01 08 00 45 00 00 28 03 ef 00 00 40 06 aa e4 0a 2a 00 01 c0 a8 01 2a 46 a1 83 e0 00 00 00 1f 0e cb cc e5 50 10 10 00 2d 86 00 00
TCPDIAG native SendBuffer r1=0cd19f28 r2=58
TCPDIAG native SendPacket addr=0cd19f28 size=58
TCPDIAG native frame 00 fa c0 a8 01 01 58 b0 35 77 d7 22 08 00 45 00 00 2c 00 15 00 00 40 06 ae ba c0 a8 01 2a 0a 2a 00 01 80 68 46 a1 0e e7 43 f0 00 00 00 00 60 02 10 00 a2 48 00 00 02 04 05 b4
TCPDIAG state=kStateDisconnected size=58 iptotal=44 iphdr=20 tcphdr=24 payload=0 flags=0x002 seq=250037232 ack=0 src=32872 dst=18081
TCPDIAG inbound frame 58 b0 35 77 d7 22 00 fa c0 a8 01 01 08 00 45 00 00 2c 03 e8 00 00 40 06 aa e7 0a 2a 00 01 c0 a8 01 2a 46 a1 80 68 00 00 00 00 0e e7 43 f1 60 12 10 00 a2 37 00 00 02 04 05 b4
TCPDIAG native SendBuffer r1=0cd19f28 r2=54
TCPDIAG native SendPacket addr=0cd19f28 size=54
TCPDIAG native frame 00 fa c0 a8 01 01 58 b0 35 77 d7 22 08 00 45 00 00 28 00 16 00 00 40 06 ae bd c0 a8 01 2a 0a 2a 00 01 80 68 46 a1 0e e7 43 f1 00 00 00 01 50 10 10 00 b9 f4 00 00
TCPDIAG state=kStateConnectionWaitACK size=54 iptotal=40 iphdr=20 tcphdr=20 payload=0 flags=0x010 seq=250037233 ack=1 src=32872 dst=18081
NIE7 pc=00134fdc TNewScriptEndpointClient::DoOutput r0=0c697b88 r1=0ce28014 r2=0cd0e554 r3=0ce2801c sp=0cd0e554 lr=00139010
NIE7 pc=00135440 TNewScriptEndpointClient::OutputData r0=0c697b88 r1=0ce28014 r2=00000003 r3=00000000 sp=0cd0e50c lr=00135220
NIE7 pc=00382bbc TEndpoint::nSnd(raw) r0=0c697c6c r1=0c69bcfc r2=0cd0e4cc r3=00000001 sp=0cd0e4c0 lr=00135560
NIE7 pc=00046298 CBufferList::GetSize r0=0c697f30 r1=0c697f30 r2=00010064 r3=000087d9 sp=0cc82620 lr=6009c4b8
NIE7 pc=00383854 PConnectionEnd::PutBytesStart r0=0cd1e61c r1=0c699c5c r2=0cd1e7f4 r3=000087d9 sp=0cc82640 lr=00072980
NIE7 pc=00046298 CBufferList::GetSize r0=0c699c5c r1=0c699c5c r2=ffffffff r3=ffffffff sp=0cc82528 lr=6008ad30
TCPDIAG native SendBuffer r1=0cd19f28 r2=1514
TCPDIAG native SendPacket addr=0cd19f28 size=1514
TCPDIAG state=kStateConnected size=1514 iptotal=1500 iphdr=20 tcphdr=20 payload=1460 flags=0x010 seq=250037233 ack=1 src=32872 dst=18081
TCPDIAG host-send requested=1460 sent=1460 errno=0
TCPDIAG native SendBuffer r1=0cd19f28 r2=1514
TCPDIAG native SendPacket addr=0cd19f28 size=1514
TCPDIAG state=kStateConnected size=1514 iptotal=1500 iphdr=20 tcphdr=20 payload=1460 flags=0x010 seq=250038693 ack=1 src=32872 dst=18081
TCPDIAG host-send requested=1460 sent=1460 errno=0
NIE7 pc=00046298 CBufferList::GetSize r0=0c699c5c r1=00010064 r2=0cd2331c r3=0cd2373b sp=0cc82618 lr=6009be90
NIE7 pc=00135904 TNewScriptEndpointClient::SndComplete r0=0c697b88 r1=0cd0e958 r2=0001f26c r3=0cd0e958 sp=0cd0e8c4 lr=001386e4
TCPDIAG inbound frame 58 b0 35 77 d7 22 00 fa c0 a8 01 01 08 00 45 00 00 28 03 e9 00 00 40 06 aa ea 0a 2a 00 01 c0 a8 01 2a 46 a1 80 68 00 00 00 01 0e e7 49 a5 50 10 10 00 b4 40 00 00
TCPDIAG native SendBuffer r1=0cd19f28 r2=1514
TCPDIAG native SendPacket addr=0cd19f28 size=1514
TCPDIAG state=kStateConnected size=1514 iptotal=1500 iphdr=20 tcphdr=20 payload=1460 flags=0x010 seq=250040153 ack=1 src=32872 dst=18081
TCPDIAG host-send requested=1460 sent=1460 errno=0
TCPDIAG inbound frame 58 b0 35 77 d7 22 00 fa c0 a8 01 01 08 00 45 00 00 28 03 ea 00 00 40 06 aa e9 0a 2a 00 01 c0 a8 01 2a 46 a1 80 68 00 00 00 01 0e e7 4f 59 50 10 10 00 ae 8c 00 00
TCPDIAG native SendBuffer r1=0cd19f28 r2=1514
TCPDIAG native SendPacket addr=0cd19f28 size=1514
TCPDIAG state=kStateConnected size=1514 iptotal=1500 iphdr=20 tcphdr=20 payload=1460 flags=0x010 seq=250041613 ack=1 src=32872 dst=18081
TCPDIAG host-send requested=1460 sent=1460 errno=0
TCPDIAG native SendBuffer r1=0cd19f28 r2=1114
TCPDIAG native SendPacket addr=0cd19f28 size=1114
TCPDIAG state=kStateConnected size=1114 iptotal=1100 iphdr=20 tcphdr=20 payload=1060 flags=0x010 seq=250043073 ack=1 src=32872 dst=18081
TCPDIAG host-send requested=1060 sent=1060 errno=0
TCPDIAG inbound frame 58 b0 35 77 d7 22 00 fa c0 a8 01 01 08 00 45 00 00 28 03 eb 00 00 40 06 aa e8 0a 2a 00 01 c0 a8 01 2a 46 a1 80 68 00 00 00 01 0e e7 55 0d 50 10 10 00 a8 d8 00 00
TCPDIAG inbound frame 58 b0 35 77 d7 22 00 fa c0 a8 01 01 08 00 45 00 00 28 03 ec 00 00 40 06 aa e7 0a 2a 00 01 c0 a8 01 2a 46 a1 80 68 00 00 00 01 0e e7 5a c1 50 10 10 00 a3 24 00 00
TCPDIAG inbound frame 58 b0 35 77 d7 22 00 fa c0 a8 01 01 08 00 45 00 00 28 03 ed 00 00 40 06 aa e6 0a 2a 00 01 c0 a8 01 2a 46 a1 80 68 00 00 00 01 0e e7 5e e5 50 10 10 00 9f 00 00 00
NIE7 pc=00045d74 CBufferList::Putn r0=0c697f30 r1=0cd205f4 r2=000000bb r3=0cd184b4 sp=0cc8257c lr=6009c7b0
NIE7 pc=00046298 CBufferList::GetSize r0=0c697f30 r1=0c697f30 r2=00010064 r3=000087d9 sp=0cc82620 lr=6009c4b8
TCPDIAG native SendBuffer r1=0cd19f28 r2=54
TCPDIAG native SendPacket addr=0cd19f28 size=54
TCPDIAG native frame 00 fa c0 a8 01 01 58 b0 35 77 d7 22 08 00 45 00 00 28 00 1c 00 00 40 06 ae b7 c0 a8 01 2a 0a 2a 00 01 80 68 46 a1 0e e7 5e e5 00 00 00 bc 50 10 10 00 9e 45 00 00
TCPDIAG state=kStateConnectedWaitACK size=54 iptotal=40 iphdr=20 tcphdr=20 payload=0 flags=0x010 seq=250044133 ack=188 src=32872 dst=18081
TCPDIAG inbound frame 58 b0 35 77 d7 22 00 fa c0 a8 01 01 08 00 45 00 00 28 03 ef 00 00 40 06 aa e4 0a 2a 00 01 c0 a8 01 2a 46 a1 80 68 00 00 00 bc 0e e7 5e e5 50 11 10 00 9e 44 00 00
TCPDIAG native SendBuffer r1=0cd19f28 r2=54
TCPDIAG native SendPacket addr=0cd19f28 size=54
TCPDIAG native frame 00 fa c0 a8 01 01 58 b0 35 77 d7 22 08 00 45 00 00 28 00 1d 00 00 40 06 ae b6 c0 a8 01 2a 0a 2a 00 01 80 68 46 a1 0e e7 5e e5 00 00 00 bd 50 10 10 00 9e 44 00 00
TCPDIAG state=kStatePeerDiscWaitForACK size=54 iptotal=40 iphdr=20 tcphdr=20 payload=0 flags=0x010 seq=250044133 ack=189 src=32872 dst=18081
NIE7 pc=00045d74 CBufferList::Putn r0=0c697f30 r1=0cd205f4 r2=00000000 r3=0cd184b4 sp=0cc8257c lr=6009c7b0
NIE7 pc=00046298 CBufferList::GetSize r0=0c697f30 r1=0c697f30 r2=00010064 r3=000087d9 sp=0cc82620 lr=6009c4b8
TCPDIAG inbound frame 58 b0 35 77 d7 22 00 fa c0 a8 01 01 08 00 45 00 00 37 03 f0 00 00 40 06 aa d4 0a 2a 00 01 c0 a8 01 2a 46 a1 83 e0 00 00 00 1f 0e cb cc e5 50 10 10 00 fd bc 00 00 54 4f 4f 4c 53 20 30 20 70 69 6e 67 20 0d 0a
NIE7 pc=00045d74 CBufferList::Putn r0=0c69a2e8 r1=0cd1f5e4 r2=0000000f r3=0cd1824c sp=0cc8257c lr=6009c7b0
NIE7 pc=00134fdc TNewScriptEndpointClient::DoOutput r0=0c699d28 r1=0ce2803c r2=0cd0e4f0 r3=0ce28044 sp=0cd0e4f0 lr=00139010
NIE7 pc=00135440 TNewScriptEndpointClient::OutputData r0=0c699d28 r1=0ce2803c r2=00000003 r3=00000000 sp=0cd0e4a8 lr=00135220
NIE7 pc=00382bbc TEndpoint::nSnd(raw) r0=0c69a0c4 r1=0c69799c r2=0cd0e468 r3=00000001 sp=0cd0e45c lr=00135560
NIE7 pc=00383854 PConnectionEnd::PutBytesStart r0=0cd1d30c r1=0c69a448 r2=0cd1d4e4 r3=00008269 sp=0cc82640 lr=00072980
NIE7 pc=00046298 CBufferList::GetSize r0=0c69a448 r1=0c69a448 r2=ffffffff r3=ffffffff sp=0cc82528 lr=6008ad30
TCPDIAG native SendBuffer r1=0cd19f28 r2=71
TCPDIAG native SendPacket addr=0cd19f28 size=71
TCPDIAG native frame 00 fa c0 a8 01 01 58 b0 35 77 d7 22 08 00 45 00 00 39 00 1e 00 00 40 06 ae a4 c0 a8 01 2a 0a 2a 00 01 83 e0 46 a1 0e cb cc e5 00 00 00 1f 50 10 10 00 b9 1c 00 00 30 0d 0a 72 65 73 75 6c 74 0d 0a 70 6f 6e 67 0d 0a
TCPDIAG state=kStateConnectedWaitACK size=71 iptotal=57 iphdr=20 tcphdr=20 payload=17 flags=0x010 seq=248237285 ack=31 src=33760 dst=18081
TCPDIAG host-send requested=17 sent=17 errno=0
NIE7 pc=00046298 CBufferList::GetSize r0=0c69a448 r1=00010024 r2=0cd215f4 r3=0cd21a13 sp=0cc82618 lr=6009be90
NIE7 pc=00046298 CBufferList::GetSize r0=0c69a2e8 r1=0c69a2e8 r2=00010064 r3=00008269 sp=0cc82620 lr=6009c4b8
NIE7 pc=00135904 TNewScriptEndpointClient::SndComplete r0=0c699d28 r1=0cd0e958 r2=0001f26c r3=0cd0e958 sp=0cd0e8c4 lr=001386e4
NIE7 pc=00134fdc TNewScriptEndpointClient::DoOutput r0=0c699d28 r1=0ce2800c r2=0cd0e514 r3=0ce28014 sp=0cd0e514 lr=00139010
NIE7 pc=00135440 TNewScriptEndpointClient::OutputData r0=0c699d28 r1=0ce2800c r2=00000003 r3=00000000 sp=0cd0e4cc lr=00135220
NIE7 pc=00382bbc TEndpoint::nSnd(raw) r0=0c69a0c4 r1=0c69799c r2=0cd0e48c r3=00000001 sp=0cd0e480 lr=00135560
NIE7 pc=00383854 PConnectionEnd::PutBytesStart r0=0cd1d30c r1=0c69a448 r2=0cd1d4e4 r3=00008269 sp=0cc82640 lr=00072980
NIE7 pc=00046298 CBufferList::GetSize r0=0c69a448 r1=0c69a448 r2=ffffffff r3=ffffffff sp=0cc82528 lr=6008ad30
TCPDIAG native SendBuffer r1=0cd19f28 r2=60
TCPDIAG native SendPacket addr=0cd19f28 size=60
TCPDIAG native frame 00 fa c0 a8 01 01 58 b0 35 77 d7 22 08 00 45 00 00 2e 00 1f 00 00 40 06 ae ae c0 a8 01 2a 0a 2a 00 01 83 e0 46 a1 0e cb cc f6 00 00 00 1f 50 10 10 00 83 c9 00 00 50 4f 4c 4c 0d 0a
TCPDIAG state=kStateConnected size=60 iptotal=46 iphdr=20 tcphdr=20 payload=6 flags=0x010 seq=248237302 ack=31 src=33760 dst=18081
TCPDIAG host-send requested=6 sent=6 errno=0
NIE7 pc=00046298 CBufferList::GetSize r0=0c69a448 r1=00010064 r2=0cd215f4 r3=0cd21a13 sp=0cc82618 lr=6009be90
NIE7 pc=00135904 TNewScriptEndpointClient::SndComplete r0=0c699d28 r1=0cd0e958 r2=0001f26c r3=0cd0e958 sp=0cd0e8c4 lr=001386e4
TCPDIAG native SendBuffer r1=0cd19f28 r2=54
TCPDIAG native SendPacket addr=0cd19f28 size=54
TCPDIAG native frame 00 fa c0 a8 01 01 58 b0 35 77 d7 22 08 00 45 00 00 28 00 20 00 00 40 06 ae b3 c0 a8 01 2a 0a 2a 00 01 83 e0 46 a1 0e cb cc fc 00 00 00 2e 50 10 10 00 2d 60 00 00
TCPDIAG state=kStateConnected size=54 iptotal=40 iphdr=20 tcphdr=20 payload=0 flags=0x010 seq=248237308 ack=46 src=33760 dst=18081
TCPDIAG inbound frame 58 b0 35 77 d7 22 00 fa c0 a8 01 01 08 00 45 00 00 28 03 f1 00 00 40 06 aa e2 0a 2a 00 01 c0 a8 01 2a 46 a1 83 e0 00 00 00 2e 0e cb cc f6 50 10 10 00 2d 66 00 00
TCPDIAG inbound frame 58 b0 35 77 d7 22 00 fa c0 a8 01 01 08 00 45 00 00 28 03 f2 00 00 40 06 aa e1 0a 2a 00 01 c0 a8 01 2a 46 a1 83 e0 00 00 00 2e 0e cb cc fc 50 10 10 00 2d 60 00 00
[emulator-control] 10.89.10.7 "GET /screen.png HTTP/1.1" 200 -
TCPDIAG native SendBuffer r1=0cd19f28 r2=54
TCPDIAG native SendPacket addr=0cd19f28 size=54
TCPDIAG native frame 00 fa c0 a8 01 01 58 b0 35 77 d7 22 08 00 45 00 00 28 00 21 00 00 40 06 ae b2 c0 a8 01 2a 0a 2a 00 01 80 68 46 a1 0e e7 5e e5 00 00 00 bd 50 11 10 00 9e 43 00 00
TCPDIAG state=kStatePeerDiscWaitForFIN size=54 iptotal=40 iphdr=20 tcphdr=20 payload=0 flags=0x011 seq=250044133 ack=189 src=32872 dst=18081
TCPDIAG inbound frame 58 b0 35 77 d7 22 00 fa c0 a8 01 01 08 00 45 00 00 28 03 f0 00 00 40 06 aa e3 0a 2a 00 01 c0 a8 01 2a 46 a1 80 68 00 00 00 bd 0e e7 5e e6 50 04 10 00 9e 4f 00 00
TCPDIAG inbound frame 58 b0 35 77 d7 22 00 fa c0 a8 01 01 08 00 45 00 00 37 03 f3 00 00 40 06 aa d1 0a 2a 00 01 c0 a8 01 2a 46 a1 83 e0 00 00 00 2e 0e cb cc fc 50 10 10 00 fd 96 00 00 54 4f 4f 4c 53 20 30 20 70 69 6e 67 20 0d 0a
NIE7 pc=00045d74 CBufferList::Putn r0=0c69a2e8 r1=0cd1f5e4 r2=0000000f r3=0cd1824c sp=0cc8257c lr=6009c7b0
NIE7 pc=00134fdc TNewScriptEndpointClient::DoOutput r0=0c699d28 r1=0ce2803c r2=0cd0e4f0 r3=0ce28044 sp=0cd0e4f0 lr=00139010
NIE7 pc=00135440 TNewScriptEndpointClient::OutputData r0=0c699d28 r1=0ce2803c r2=00000003 r3=00000000 sp=0cd0e4a8 lr=00135220
NIE7 pc=00382bbc TEndpoint::nSnd(raw) r0=0c69a0c4 r1=0c697880 r2=0cd0e468 r3=00000001 sp=0cd0e45c lr=00135560
NIE7 pc=00383854 PConnectionEnd::PutBytesStart r0=0cd1d30c r1=0c69a448 r2=0cd1d4e4 r3=00008269 sp=0cc82640 lr=00072980
NIE7 pc=00046298 CBufferList::GetSize r0=0c69a448 r1=0c69a448 r2=ffffffff r3=ffffffff sp=0cc82528 lr=6008ad30
TCPDIAG native SendBuffer r1=0cd19f28 r2=71
TCPDIAG native SendPacket addr=0cd19f28 size=71
TCPDIAG native frame 00 fa c0 a8 01 01 58 b0 35 77 d7 22 08 00 45 00 00 39 00 22 00 00 40 06 ae a0 c0 a8 01 2a 0a 2a 00 01 83 e0 46 a1 0e cb cc fc 00 00 00 2e 50 10 10 00 b8 f6 00 00 30 0d 0a 72 65 73 75 6c 74 0d 0a 70 6f 6e 67 0d 0a
TCPDIAG state=kStateConnectedWaitACK size=71 iptotal=57 iphdr=20 tcphdr=20 payload=17 flags=0x010 seq=248237308 ack=46 src=33760 dst=18081
TCPDIAG host-send requested=17 sent=17 errno=0
NIE7 pc=00046298 CBufferList::GetSize r0=0c69a448 r1=00010024 r2=0cd215f4 r3=0cd21a13 sp=0cc82618 lr=6009be90
NIE7 pc=00046298 CBufferList::GetSize r0=0c69a2e8 r1=0c69a2e8 r2=00010064 r3=00008269 sp=0cc82620 lr=6009c4b8
NIE7 pc=00135904 TNewScriptEndpointClient::SndComplete r0=0c699d28 r1=0cd0e958 r2=0001f26c r3=0cd0e958 sp=0cd0e8c4 lr=001386e4
NIE7 pc=00134fdc TNewScriptEndpointClient::DoOutput r0=0c699d28 r1=0ce2800c r2=0cd0e514 r3=0ce28014 sp=0cd0e514 lr=00139010
NIE7 pc=00135440 TNewScriptEndpointClient::OutputData r0=0c699d28 r1=0ce2800c r2=00000003 r3=00000000 sp=0cd0e4cc lr=00135220
NIE7 pc=00382bbc TEndpoint::nSnd(raw) r0=0c69a0c4 r1=0c697880 r2=0cd0e48c r3=00000001 sp=0cd0e480 lr=00135560
NIE7 pc=00383854 PConnectionEnd::PutBytesStart r0=0cd1d30c r1=0c69a448 r2=0cd1d4e4 r3=00008269 sp=0cc82640 lr=00072980
NIE7 pc=00046298 CBufferList::GetSize r0=0c69a448 r1=0c69a448 r2=ffffffff r3=ffffffff sp=0cc82528 lr=6008ad30
TCPDIAG native SendBuffer r1=0cd19f28 r2=60
TCPDIAG native SendPacket addr=0cd19f28 size=60
TCPDIAG native frame 00 fa c0 a8 01 01 58 b0 35 77 d7 22 08 00 45 00 00 2e 00 23 00 00 40 06 ae aa c0 a8 01 2a 0a 2a 00 01 83 e0 46 a1 0e cb cd 0d 00 00 00 2e 50 10 10 00 83 a3 00 00 50 4f 4c 4c 0d 0a
TCPDIAG state=kStateConnected size=60 iptotal=46 iphdr=20 tcphdr=20 payload=6 flags=0x010 seq=248237325 ack=46 src=33760 dst=18081
TCPDIAG host-send requested=6 sent=6 errno=0
NIE7 pc=00046298 CBufferList::GetSize r0=0c69a448 r1=00010064 r2=0cd215f4 r3=0cd21a13 sp=0cc82618 lr=6009be90
NIE7 pc=00135904 TNewScriptEndpointClient::SndComplete r0=0c699d28 r1=0cd0e958 r2=0001f26c r3=0cd0e958 sp=0cd0e8c4 lr=001386e4
TCPDIAG native SendBuffer r1=0cd19f28 r2=54
TCPDIAG native SendPacket addr=0cd19f28 size=54
TCPDIAG native frame 00 fa c0 a8 01 01 58 b0 35 77 d7 22 08 00 45 00 00 28 00 24 00 00 40 06 ae af c0 a8 01 2a 0a 2a 00 01 83 e0 46 a1 0e cb cd 13 00 00 00 3d 50 10 10 00 2d 3a 00 00
TCPDIAG state=kStateConnected size=54 iptotal=40 iphdr=20 tcphdr=20 payload=0 flags=0x010 seq=248237331 ack=61 src=33760 dst=18081
TCPDIAG inbound frame 58 b0 35 77 d7 22 00 fa c0 a8 01 01 08 00 45 00 00 28 03 f4 00 00 40 06 aa df 0a 2a 00 01 c0 a8 01 2a 46 a1 83 e0 00 00 00 3d 0e cb cd 0d 50 10 10 00 2d 40 00 00
TCPDIAG inbound frame 58 b0 35 77 d7 22 00 fa c0 a8 01 01 08 00 45 00 00 28 03 f5 00 00 40 06 aa de 0a 2a 00 01 c0 a8 01 2a 46 a1 83 e0 00 00 00 3d 0e cb cd 13 50 10 10 00 2d 3a 00 00
TCPDIAG native SendBuffer r1=0cd19f28 r2=58
TCPDIAG native SendPacket addr=0cd19f28 size=58
TCPDIAG native frame 00 fa c0 a8 01 01 58 b0 35 77 d7 22 08 00 45 00 00 2c 00 25 00 00 40 06 ae aa c0 a8 01 2a 0a 2a 00 01 80 f0 46 a1 0f 00 71 40 00 00 00 00 60 02 10 00 74 57 00 00 02 04 05 b4
TCPDIAG state=kStateDisconnected size=58 iptotal=44 iphdr=20 tcphdr=24 payload=0 flags=0x002 seq=251687232 ack=0 src=33008 dst=18081
TCPDIAG inbound frame 58 b0 35 77 d7 22 00 fa c0 a8 01 01 08 00 45 00 00 2c 03 e8 00 00 40 06 aa e7 0a 2a 00 01 c0 a8 01 2a 46 a1 80 f0 00 00 00 00 0f 00 71 41 60 12 10 00 74 46 00 00 02 04 05 b4
TCPDIAG native SendBuffer r1=0cd19f28 r2=54
TCPDIAG native SendPacket addr=0cd19f28 size=54
TCPDIAG native frame 00 fa c0 a8 01 01 58 b0 35 77 d7 22 08 00 45 00 00 28 00 26 00 00 40 06 ae ad c0 a8 01 2a 0a 2a 00 01 80 f0 46 a1 0f 00 71 41 00 00 00 01 50 10 10 00 8c 03 00 00
TCPDIAG state=kStateConnectionWaitACK size=54 iptotal=40 iphdr=20 tcphdr=20 payload=0 flags=0x010 seq=251687233 ack=1 src=33008 dst=18081
NIE7 pc=00134fdc TNewScriptEndpointClient::DoOutput r0=0c6976f8 r1=0ce8b014 r2=0cced554 r3=0ce8b01c sp=0cced554 lr=00139010
NIE7 pc=00135440 TNewScriptEndpointClient::OutputData r0=0c6976f8 r1=0ce8b014 r2=00000003 r3=00000000 sp=0cced50c lr=00135220
NIE7 pc=00382bbc TEndpoint::nSnd(raw) r0=0c6978ec r1=0c69bcbc r2=0cced4cc r3=00000001 sp=0cced4c0 lr=00135560
NIE7 pc=00046298 CBufferList::GetSize r0=0c697c68 r1=0c697c68 r2=00010064 r3=00008a29 sp=0cc82620 lr=6009c4b8
NIE7 pc=00383854 PConnectionEnd::PutBytesStart r0=0cd1e61c r1=0c697efc r2=0cd1e7f4 r3=00008a29 sp=0cc82640 lr=00072980
NIE7 pc=00046298 CBufferList::GetSize r0=0c697efc r1=0c697efc r2=ffffffff r3=ffffffff sp=0cc82528 lr=6008ad30
TCPDIAG native SendBuffer r1=0cd19f28 r2=1514
TCPDIAG native SendPacket addr=0cd19f28 size=1514
TCPDIAG state=kStateConnected size=1514 iptotal=1500 iphdr=20 tcphdr=20 payload=1460 flags=0x010 seq=251687233 ack=1 src=33008 dst=18081
TCPDIAG host-send requested=1460 sent=1460 errno=0
TCPDIAG native SendBuffer r1=0cd19f28 r2=1514
TCPDIAG native SendPacket addr=0cd19f28 size=1514
TCPDIAG state=kStateConnected size=1514 iptotal=1500 iphdr=20 tcphdr=20 payload=1460 flags=0x010 seq=251688693 ack=1 src=33008 dst=18081
TCPDIAG host-send requested=1460 sent=1460 errno=0
NIE7 pc=00046298 CBufferList::GetSize r0=0c697efc r1=00010064 r2=0cd23320 r3=0cd2373f sp=0cc82618 lr=6009be90
NIE7 pc=00135904 TNewScriptEndpointClient::SndComplete r0=0c6976f8 r1=0cced958 r2=0001f26c r3=0cced958 sp=0cced8c4 lr=001386e4
TCPDIAG inbound frame 58 b0 35 77 d7 22 00 fa c0 a8 01 01 08 00 45 00 00 28 03 e9 00 00 40 06 aa ea 0a 2a 00 01 c0 a8 01 2a 46 a1 80 f0 00 00 00 01 0f 00 76 f5 50 10 10 00 86 4f 00 00
TCPDIAG native SendBuffer r1=0cd19f28 r2=1514
TCPDIAG native SendPacket addr=0cd19f28 size=1514
TCPDIAG state=kStateConnected size=1514 iptotal=1500 iphdr=20 tcphdr=20 payload=1460 flags=0x010 seq=251690153 ack=1 src=33008 dst=18081
TCPDIAG host-send requested=1460 sent=1460 errno=0
TCPDIAG inbound frame 58 b0 35 77 d7 22 00 fa c0 a8 01 01 08 00 45 00 00 28 03 ea 00 00 40 06 aa e9 0a 2a 00 01 c0 a8 01 2a 46 a1 80 f0 00 00 00 01 0f 00 7c a9 50 10 10 00 80 9b 00 00
TCPDIAG native SendBuffer r1=0cd19f28 r2=1514
TCPDIAG native SendPacket addr=0cd19f28 size=1514
TCPDIAG state=kStateConnected size=1514 iptotal=1500 iphdr=20 tcphdr=20 payload=1460 flags=0x010 seq=251691613 ack=1 src=33008 dst=18081
TCPDIAG host-send requested=1460 sent=1460 errno=0
TCPDIAG native SendBuffer r1=0cd19f28 r2=1116
TCPDIAG native SendPacket addr=0cd19f28 size=1116
TCPDIAG state=kStateConnected size=1116 iptotal=1102 iphdr=20 tcphdr=20 payload=1062 flags=0x010 seq=251693073 ack=1 src=33008 dst=18081
TCPDIAG host-send requested=1062 sent=1062 errno=0
[emulator-control] 127.0.0.1 "GET /health HTTP/1.1" 200 -
TCPDIAG inbound frame 58 b0 35 77 d7 22 00 fa c0 a8 01 01 08 00 45 00 00 28 03 eb 00 00 40 06 aa e8 0a 2a 00 01 c0 a8 01 2a 46 a1 80 f0 00 00 00 01 0f 00 82 5d 50 10 10 00 7a e7 00 00
TCPDIAG inbound frame 58 b0 35 77 d7 22 00 fa c0 a8 01 01 08 00 45 00 00 28 03 ec 00 00 40 06 aa e7 0a 2a 00 01 c0 a8 01 2a 46 a1 80 f0 00 00 00 01 0f 00 88 11 50 10 10 00 75 33 00 00
TCPDIAG inbound frame 58 b0 35 77 d7 22 00 fa c0 a8 01 01 08 00 45 00 00 28 03 ed 00 00 40 06 aa e6 0a 2a 00 01 c0 a8 01 2a 46 a1 80 f0 00 00 00 01 0f 00 8c 37 50 10 10 00 71 0d 00 00
NIE7 pc=00045d74 CBufferList::Putn r0=0c697c68 r1=0cd205f4 r2=000000bb r3=0cd184b4 sp=0cc8257c lr=6009c7b0
NIE7 pc=00046298 CBufferList::GetSize r0=0c697c68 r1=0c697c68 r2=00010064 r3=00008a29 sp=0cc82620 lr=6009c4b8
TCPDIAG native SendBuffer r1=0cd19f28 r2=54
TCPDIAG native SendPacket addr=0cd19f28 size=54
TCPDIAG native frame 00 fa c0 a8 01 01 58 b0 35 77 d7 22 08 00 45 00 00 28 00 2c 00 00 40 06 ae a7 c0 a8 01 2a 0a 2a 00 01 80 f0 46 a1 0f 00 8c 37 00 00 00 bc 50 10 10 00 70 52 00 00
TCPDIAG state=kStateConnectedWaitACK size=54 iptotal=40 iphdr=20 tcphdr=20 payload=0 flags=0x010 seq=251694135 ack=188 src=33008 dst=18081
TCPDIAG inbound frame 58 b0 35 77 d7 22 00 fa c0 a8 01 01 08 00 45 00 00 28 03 ef 00 00 40 06 aa e4 0a 2a 00 01 c0 a8 01 2a 46 a1 80 f0 00 00 00 bc 0f 00 8c 37 50 11 10 00 70 51 00 00
TCPDIAG native SendBuffer r1=0cd19f28 r2=54
TCPDIAG native SendPacket addr=0cd19f28 size=54
TCPDIAG native frame 00 fa c0 a8 01 01 58 b0 35 77 d7 22 08 00 45 00 00 28 00 2d 00 00 40 06 ae a6 c0 a8 01 2a 0a 2a 00 01 80 f0 46 a1 0f 00 8c 37 00 00 00 bd 50 10 10 00 70 51 00 00
TCPDIAG state=kStatePeerDiscWaitForACK size=54 iptotal=40 iphdr=20 tcphdr=20 payload=0 flags=0x010 seq=251694135 ack=189 src=33008 dst=18081
NIE7 pc=00045d74 CBufferList::Putn r0=0c697c68 r1=0cd205f4 r2=00000000 r3=0cd184b4 sp=0cc8257c lr=6009c7b0
NIE7 pc=00046298 CBufferList::GetSize r0=0c697c68 r1=0c697c68 r2=00010064 r3=00008a29 sp=0cc82620 lr=6009c4b8
TCPDIAG inbound frame 58 b0 35 77 d7 22 00 fa c0 a8 01 01 08 00 45 00 00 37 03 f6 00 00 40 06 aa ce 0a 2a 00 01 c0 a8 01 2a 46 a1 83 e0 00 00 00 3d 0e cb cd 13 50 10 10 00 fd 70 00 00 54 4f 4f 4c 53 20 30 20 70 69 6e 67 20 0d 0a
NIE7 pc=00045d74 CBufferList::Putn r0=0c69a2e8 r1=0cd1f5e4 r2=0000000f r3=0cd1824c sp=0cc8257c lr=6009c7b0
NIE7 pc=00134fdc TNewScriptEndpointClient::DoOutput r0=0c699d28 r1=0ce8b03c r2=0cced4f0 r3=0ce8b044 sp=0cced4f0 lr=00139010
NIE7 pc=00135440 TNewScriptEndpointClient::OutputData r0=0c699d28 r1=0ce8b03c r2=00000003 r3=00000000 sp=0cced4a8 lr=00135220
NIE7 pc=00382bbc TEndpoint::nSnd(raw) r0=0c69a0c4 r1=0c6978c4 r2=0cced468 r3=00000001 sp=0cced45c lr=00135560
NIE7 pc=00383854 PConnectionEnd::PutBytesStart r0=0cd1d30c r1=0c69a448 r2=0cd1d4e4 r3=00008269 sp=0cc82640 lr=00072980
NIE7 pc=00046298 CBufferList::GetSize r0=0c69a448 r1=0c69a448 r2=ffffffff r3=ffffffff sp=0cc82528 lr=6008ad30
TCPDIAG native SendBuffer r1=0cd19f28 r2=71
TCPDIAG native SendPacket addr=0cd19f28 size=71
TCPDIAG native frame 00 fa c0 a8 01 01 58 b0 35 77 d7 22 08 00 45 00 00 39 00 2e 00 00 40 06 ae 94 c0 a8 01 2a 0a 2a 00 01 83 e0 46 a1 0e cb cd 13 00 00 00 3d 50 10 10 00 b8 d0 00 00 30 0d 0a 72 65 73 75 6c 74 0d 0a 70 6f 6e 67 0d 0a
TCPDIAG state=kStateConnectedWaitACK size=71 iptotal=57 iphdr=20 tcphdr=20 payload=17 flags=0x010 seq=248237331 ack=61 src=33760 dst=18081
TCPDIAG host-send requested=17 sent=17 errno=0
NIE7 pc=00046298 CBufferList::GetSize r0=0c69a448 r1=00010024 r2=0cd215f4 r3=0cd21a13 sp=0cc82618 lr=6009be90
NIE7 pc=00046298 CBufferList::GetSize r0=0c69a2e8 r1=0c69a2e8 r2=00010064 r3=00008269 sp=0cc82620 lr=6009c4b8
NIE7 pc=00135904 TNewScriptEndpointClient::SndComplete r0=0c699d28 r1=0cced958 r2=0001f26c r3=0cced958 sp=0cced8c4 lr=001386e4
NIE7 pc=00134fdc TNewScriptEndpointClient::DoOutput r0=0c699d28 r1=0ce8b00c r2=0cced514 r3=0ce8b014 sp=0cced514 lr=00139010
NIE7 pc=00135440 TNewScriptEndpointClient::OutputData r0=0c699d28 r1=0ce8b00c r2=00000003 r3=00000000 sp=0cced4cc lr=00135220
NIE7 pc=00382bbc TEndpoint::nSnd(raw) r0=0c69a0c4 r1=0c6978c4 r2=0cced48c r3=00000001 sp=0cced480 lr=00135560
NIE7 pc=00383854 PConnectionEnd::PutBytesStart r0=0cd1d30c r1=0c69a448 r2=0cd1d4e4 r3=00008269 sp=0cc82640 lr=00072980
NIE7 pc=00046298 CBufferList::GetSize r0=0c69a448 r1=0c69a448 r2=ffffffff r3=ffffffff sp=0cc82528 lr=6008ad30
TCPDIAG native SendBuffer r1=0cd19f28 r2=60
TCPDIAG native SendPacket addr=0cd19f28 size=60
TCPDIAG native frame 00 fa c0 a8 01 01 58 b0 35 77 d7 22 08 00 45 00 00 2e 00 2f 00 00 40 06 ae 9e c0 a8 01 2a 0a 2a 00 01 83 e0 46 a1 0e cb cd 24 00 00 00 3d 50 10 10 00 83 7d 00 00 50 4f 4c 4c 0d 0a
TCPDIAG state=kStateConnected size=60 iptotal=46 iphdr=20 tcphdr=20 payload=6 flags=0x010 seq=248237348 ack=61 src=33760 dst=18081
TCPDIAG host-send requested=6 sent=6 errno=0
NIE7 pc=00046298 CBufferList::GetSize r0=0c69a448 r1=00010064 r2=0cd215f4 r3=0cd21a13 sp=0cc82618 lr=6009be90
NIE7 pc=00135904 TNewScriptEndpointClient::SndComplete r0=0c699d28 r1=0cced958 r2=0001f26c r3=0cced958 sp=0cced8c4 lr=001386e4
TCPDIAG native SendBuffer r1=0cd19f28 r2=54
TCPDIAG native SendPacket addr=0cd19f28 size=54
TCPDIAG native frame 00 fa c0 a8 01 01 58 b0 35 77 d7 22 08 00 45 00 00 28 00 30 00 00 40 06 ae a3 c0 a8 01 2a 0a 2a 00 01 83 e0 46 a1 0e cb cd 2a 00 00 00 4c 50 10 10 00 2d 14 00 00
TCPDIAG state=kStateConnected size=54 iptotal=40 iphdr=20 tcphdr=20 payload=0 flags=0x010 seq=248237354 ack=76 src=33760 dst=18081
TCPDIAG inbound frame 58 b0 35 77 d7 22 00 fa c0 a8 01 01 08 00 45 00 00 28 03 f7 00 00 40 06 aa dc 0a 2a 00 01 c0 a8 01 2a 46 a1 83 e0 00 00 00 4c 0e cb cd 24 50 10 10 00 2d 1a 00 00
TCPDIAG inbound frame 58 b0 35 77 d7 22 00 fa c0 a8 01 01 08 00 45 00 00 28 03 f8 00 00 40 06 aa db 0a 2a 00 01 c0 a8 01 2a 46 a1 83 e0 00 00 00 4c 0e cb cd 2a 50 10 10 00 2d 14 00 00
TCPDIAG native SendBuffer r1=0cd19f28 r2=54
TCPDIAG native SendPacket addr=0cd19f28 size=54
TCPDIAG native frame 00 fa c0 a8 01 01 58 b0 35 77 d7 22 08 00 45 00 00 28 00 31 00 00 40 06 ae a2 c0 a8 01 2a 0a 2a 00 01 80 f0 46 a1 0f 00 8c 37 00 00 00 bd 50 11 10 00 70 50 00 00
TCPDIAG state=kStatePeerDiscWaitForFIN size=54 iptotal=40 iphdr=20 tcphdr=20 payload=0 flags=0x011 seq=251694135 ack=189 src=33008 dst=18081
TCPDIAG inbound frame 58 b0 35 77 d7 22 00 fa c0 a8 01 01 08 00 45 00 00 28 03 f0 00 00 40 06 aa e3 0a 2a 00 01 c0 a8 01 2a 46 a1 80 f0 00 00 00 bd 0f 00 8c 38 50 04 10 00 70 5c 00 00
TCPDIAG inbound frame 58 b0 35 77 d7 22 00 fa c0 a8 01 01 08 00 45 00 00 37 03 f9 00 00 40 06 aa cb 0a 2a 00 01 c0 a8 01 2a 46 a1 83 e0 00 00 00 4c 0e cb cd 2a 50 10 10 00 fd 4a 00 00 54 4f 4f 4c 53 20 30 20 70 69 6e 67 20 0d 0a
NIE7 pc=00045d74 CBufferList::Putn r0=0c69a2e8 r1=0cd1f5e4 r2=0000000f r3=0cd1824c sp=0cc8257c lr=6009c7b0
NIE7 pc=00134fdc TNewScriptEndpointClient::DoOutput r0=0c699d28 r1=0ce8b03c r2=0cced4f0 r3=0ce8b044 sp=0cced4f0 lr=00139010
NIE7 pc=00135440 TNewScriptEndpointClient::OutputData r0=0c699d28 r1=0ce8b03c r2=00000003 r3=00000000 sp=0cced4a8 lr=00135220
NIE7 pc=00382bbc TEndpoint::nSnd(raw) r0=0c69a0c4 r1=0c6990b0 r2=0cced468 r3=00000001 sp=0cced45c lr=00135560
NIE7 pc=00383854 PConnectionEnd::PutBytesStart r0=0cd1d30c r1=0c69a448 r2=0cd1d4e4 r3=00008269 sp=0cc82640 lr=00072980
NIE7 pc=00046298 CBufferList::GetSize r0=0c69a448 r1=0c69a448 r2=ffffffff r3=ffffffff sp=0cc82528 lr=6008ad30
TCPDIAG native SendBuffer r1=0cd19f28 r2=71
TCPDIAG native SendPacket addr=0cd19f28 size=71
TCPDIAG native frame 00 fa c0 a8 01 01 58 b0 35 77 d7 22 08 00 45 00 00 39 00 32 00 00 40 06 ae 90 c0 a8 01 2a 0a 2a 00 01 83 e0 46 a1 0e cb cd 2a 00 00 00 4c 50 10 10 00 b8 aa 00 00 30 0d 0a 72 65 73 75 6c 74 0d 0a 70 6f 6e 67 0d 0a
TCPDIAG state=kStateConnectedWaitACK size=71 iptotal=57 iphdr=20 tcphdr=20 payload=17 flags=0x010 seq=248237354 ack=76 src=33760 dst=18081
TCPDIAG host-send requested=17 sent=17 errno=0
NIE7 pc=00046298 CBufferList::GetSize r0=0c69a448 r1=00010024 r2=0cd215f4 r3=0cd21a13 sp=0cc82618 lr=6009be90
NIE7 pc=00046298 CBufferList::GetSize r0=0c69a2e8 r1=0c69a2e8 r2=00010064 r3=00008269 sp=0cc82620 lr=6009c4b8
NIE7 pc=00135904 TNewScriptEndpointClient::SndComplete r0=0c699d28 r1=0cced958 r2=0001f26c r3=0cced958 sp=0cced8c4 lr=001386e4
NIE7 pc=00134fdc TNewScriptEndpointClient::DoOutput r0=0c699d28 r1=0ce8b00c r2=0cced514 r3=0ce8b014 sp=0cced514 lr=00139010
NIE7 pc=00135440 TNewScriptEndpointClient::OutputData r0=0c699d28 r1=0ce8b00c r2=00000003 r3=00000000 sp=0cced4cc lr=00135220
NIE7 pc=00382bbc TEndpoint::nSnd(raw) r0=0c69a0c4 r1=0c697f80 r2=0cced48c r3=00000001 sp=0cced480 lr=00135560
NIE7 pc=00383854 PConnectionEnd::PutBytesStart r0=0cd1d30c r1=0c69a448 r2=0cd1d4e4 r3=00008269 sp=0cc82640 lr=00072980
NIE7 pc=00046298 CBufferList::GetSize r0=0c69a448 r1=0c69a448 r2=ffffffff r3=ffffffff sp=0cc82528 lr=6008ad30
TCPDIAG native SendBuffer r1=0cd19f28 r2=60
TCPDIAG native SendPacket addr=0cd19f28 size=60
TCPDIAG native frame 00 fa c0 a8 01 01 58 b0 35 77 d7 22 08 00 45 00 00 2e 00 33 00 00 40 06 ae 9a c0 a8 01 2a 0a 2a 00 01 83 e0 46 a1 0e cb cd 3b 00 00 00 4c 50 10 10 00 83 57 00 00 50 4f 4c 4c 0d 0a
TCPDIAG state=kStateConnected size=60 iptotal=46 iphdr=20 tcphdr=20 payload=6 flags=0x010 seq=248237371 ack=76 src=33760 dst=18081
TCPDIAG host-send requested=6 sent=6 errno=0
NIE7 pc=00046298 CBufferList::GetSize r0=0c69a448 r1=00010064 r2=0cd215f4 r3=0cd21a13 sp=0cc82618 lr=6009be90
NIE7 pc=00135904 TNewScriptEndpointClient::SndComplete r0=0c699d28 r1=0cced958 r2=0001f26c r3=0cced958 sp=0cced8c4 lr=001386e4
TCPDIAG native SendBuffer r1=0cd19f28 r2=54
TCPDIAG native SendPacket addr=0cd19f28 size=54
TCPDIAG native frame 00 fa c0 a8 01 01 58 b0 35 77 d7 22 08 00 45 00 00 28 00 34 00 00 40 06 ae 9f c0 a8 01 2a 0a 2a 00 01 83 e0 46 a1 0e cb cd 41 00 00 00 5b 50 10 10 00 2c ee 00 00
TCPDIAG state=kStateConnected size=54 iptotal=40 iphdr=20 tcphdr=20 payload=0 flags=0x010 seq=248237377 ack=91 src=33760 dst=18081
TCPDIAG inbound frame 58 b0 35 77 d7 22 00 fa c0 a8 01 01 08 00 45 00 00 28 03 fa 00 00 40 06 aa d9 0a 2a 00 01 c0 a8 01 2a 46 a1 83 e0 00 00 00 5b 0e cb cd 3b 50 10 10 00 2c f4 00 00
TCPDIAG inbound frame 58 b0 35 77 d7 22 00 fa c0 a8 01 01 08 00 45 00 00 28 03 fb 00 00 40 06 aa d8 0a 2a 00 01 c0 a8 01 2a 46 a1 83 e0 00 00 00 5b 0e cb cd 41 50 10 10 00 2c ee 00 00
TCPDIAG native SendBuffer r1=0cd19f28 r2=58
TCPDIAG native SendPacket addr=0cd19f28 size=58
TCPDIAG native frame 00 fa c0 a8 01 01 58 b0 35 77 d7 22 08 00 45 00 00 2c 00 35 00 00 40 06 ae 9a c0 a8 01 2a 0a 2a 00 01 80 47 46 a1 0f 18 db 40 00 00 00 00 60 02 10 00 0a e8 00 00 02 04 05 b4
TCPDIAG state=kStateDisconnected size=58 iptotal=44 iphdr=20 tcphdr=24 payload=0 flags=0x002 seq=253287232 ack=0 src=32839 dst=18081
TCPDIAG inbound frame 58 b0 35 77 d7 22 00 fa c0 a8 01 01 08 00 45 00 00 2c 03 e8 00 00 40 06 aa e7 0a 2a 00 01 c0 a8 01 2a 46 a1 80 47 00 00 00 00 0f 18 db 41 60 12 10 00 0a d7 00 00 02 04 05 b4
TCPDIAG native SendBuffer r1=0cd19f28 r2=54
TCPDIAG native SendPacket addr=0cd19f28 size=54
TCPDIAG native frame 00 fa c0 a8 01 01 58 b0 35 77 d7 22 08 00 45 00 00 28 00 36 00 00 40 06 ae 9d c0 a8 01 2a 0a 2a 00 01 80 47 46 a1 0f 18 db 41 00 00 00 01 50 10 10 00 22 94 00 00
TCPDIAG state=kStateConnectionWaitACK size=54 iptotal=40 iphdr=20 tcphdr=20 payload=0 flags=0x010 seq=253287233 ack=1 src=32839 dst=18081
NIE7 pc=00134fdc TNewScriptEndpointClient::DoOutput r0=0c6976f8 r1=0ce28014 r2=0cd0e554 r3=0ce2801c sp=0cd0e554 lr=00139010
NIE7 pc=00135440 TNewScriptEndpointClient::OutputData r0=0c6976f8 r1=0ce28014 r2=00000003 r3=00000000 sp=0cd0e50c lr=00135220
NIE7 pc=00382bbc TEndpoint::nSnd(raw) r0=0c6978c4 r1=0c69bb54 r2=0cd0e4cc r3=00000001 sp=0cd0e4c0 lr=00135560
NIE7 pc=00046298 CBufferList::GetSize r0=0c697c68 r1=0c697c68 r2=00010064 r3=00008c69 sp=0cc82620 lr=6009c4b8
NIE7 pc=00383854 PConnectionEnd::PutBytesStart r0=0cd1e61c r1=0c697f24 r2=0cd1e7f4 r3=00008c69 sp=0cc82640 lr=00072980
NIE7 pc=00046298 CBufferList::GetSize r0=0c697f24 r1=0c697f24 r2=ffffffff r3=ffffffff sp=0cc82528 lr=6008ad30
TCPDIAG native SendBuffer r1=0cd19f28 r2=1514
TCPDIAG native SendPacket addr=0cd19f28 size=1514
TCPDIAG state=kStateConnected size=1514 iptotal=1500 iphdr=20 tcphdr=20 payload=1460 flags=0x010 seq=253287233 ack=1 src=32839 dst=18081
TCPDIAG host-send requested=1460 sent=1460 errno=0
TCPDIAG native SendBuffer r1=0cd19f28 r2=1514
TCPDIAG native SendPacket addr=0cd19f28 size=1514
TCPDIAG state=kStateConnected size=1514 iptotal=1500 iphdr=20 tcphdr=20 payload=1460 flags=0x010 seq=253288693 ack=1 src=32839 dst=18081
TCPDIAG host-send requested=1460 sent=1460 errno=0
NIE7 pc=00046298 CBufferList::GetSize r0=0c697f24 r1=00010064 r2=0cd23324 r3=0cd23743 sp=0cc82618 lr=6009be90
NIE7 pc=00135904 TNewScriptEndpointClient::SndComplete r0=0c6976f8 r1=0cd0e958 r2=0001f26c r3=0cd0e958 sp=0cd0e8c4 lr=001386e4
[emulator-control] 10.89.10.7 "GET /screen.png HTTP/1.1" 200 -
TCPDIAG inbound frame 58 b0 35 77 d7 22 00 fa c0 a8 01 01 08 00 45 00 00 28 03 e9 00 00 40 06 aa ea 0a 2a 00 01 c0 a8 01 2a 46 a1 80 47 00 00 00 01 0f 18 e0 f5 50 10 10 00 1c e0 00 00
TCPDIAG native SendBuffer r1=0cd19f28 r2=1514
TCPDIAG native SendPacket addr=0cd19f28 size=1514
TCPDIAG state=kStateConnected size=1514 iptotal=1500 iphdr=20 tcphdr=20 payload=1460 flags=0x010 seq=253290153 ack=1 src=32839 dst=18081
TCPDIAG host-send requested=1460 sent=1460 errno=0
TCPDIAG inbound frame 58 b0 35 77 d7 22 00 fa c0 a8 01 01 08 00 45 00 00 28 03 ea 00 00 40 06 aa e9 0a 2a 00 01 c0 a8 01 2a 46 a1 80 47 00 00 00 01 0f 18 e6 a9 50 10 10 00 17 2c 00 00
TCPDIAG native SendBuffer r1=0cd19f28 r2=1514
TCPDIAG native SendPacket addr=0cd19f28 size=1514
TCPDIAG state=kStateConnected size=1514 iptotal=1500 iphdr=20 tcphdr=20 payload=1460 flags=0x010 seq=253291613 ack=1 src=32839 dst=18081
TCPDIAG host-send requested=1460 sent=1460 errno=0
TCPDIAG native SendBuffer r1=0cd19f28 r2=1119
TCPDIAG native SendPacket addr=0cd19f28 size=1119
TCPDIAG state=kStateConnected size=1119 iptotal=1105 iphdr=20 tcphdr=20 payload=1065 flags=0x010 seq=253293073 ack=1 src=32839 dst=18081
TCPDIAG host-send requested=1065 sent=1065 errno=0
TCPDIAG inbound frame 58 b0 35 77 d7 22 00 fa c0 a8 01 01 08 00 45 00 00 28 03 eb 00 00 40 06 aa e8 0a 2a 00 01 c0 a8 01 2a 46 a1 80 47 00 00 00 01 0f 18 ec 5d 50 10 10 00 11 78 00 00
TCPDIAG inbound frame 58 b0 35 77 d7 22 00 fa c0 a8 01 01 08 00 45 00 00 28 03 ec 00 00 40 06 aa e7 0a 2a 00 01 c0 a8 01 2a 46 a1 80 47 00 00 00 01 0f 18 f2 11 50 10 10 00 0b c4 00 00
TCPDIAG inbound frame 58 b0 35 77 d7 22 00 fa c0 a8 01 01 08 00 45 00 00 28 03 ed 00 00 40 06 aa e6 0a 2a 00 01 c0 a8 01 2a 46 a1 80 47 00 00 00 01 0f 18 f6 3a 50 10 10 00 07 9b 00 00
NIE7 pc=00045d74 CBufferList::Putn r0=0c697c68 r1=0cd205f4 r2=000000bb r3=0cd184b4 sp=0cc8257c lr=6009c7b0
NIE7 pc=00046298 CBufferList::GetSize r0=0c697c68 r1=0c697c68 r2=00010064 r3=00008c69 sp=0cc82620 lr=6009c4b8
TCPDIAG native SendBuffer r1=0cd19f28 r2=54
TCPDIAG native SendPacket addr=0cd19f28 size=54
TCPDIAG native frame 00 fa c0 a8 01 01 58 b0 35 77 d7 22 08 00 45 00 00 28 00 3c 00 00 40 06 ae 97 c0 a8 01 2a 0a 2a 00 01 80 47 46 a1 0f 18 f6 3a 00 00 00 bc 50 10 10 00 06 e0 00 00
TCPDIAG state=kStateConnectedWaitACK size=54 iptotal=40 iphdr=20 tcphdr=20 payload=0 flags=0x010 seq=253294138 ack=188 src=32839 dst=18081
TCPDIAG inbound frame 58 b0 35 77 d7 22 00 fa c0 a8 01 01 08 00 45 00 00 28 03 ef 00 00 40 06 aa e4 0a 2a 00 01 c0 a8 01 2a 46 a1 80 47 00 00 00 bc 0f 18 f6 3a 50 11 10 00 06 df 00 00
TCPDIAG native SendBuffer r1=0cd19f28 r2=54
TCPDIAG native SendPacket addr=0cd19f28 size=54
TCPDIAG native frame 00 fa c0 a8 01 01 58 b0 35 77 d7 22 08 00 45 00 00 28 00 3d 00 00 40 06 ae 96 c0 a8 01 2a 0a 2a 00 01 80 47 46 a1 0f 18 f6 3a 00 00 00 bd 50 10 10 00 06 df 00 00
TCPDIAG state=kStatePeerDiscWaitForACK size=54 iptotal=40 iphdr=20 tcphdr=20 payload=0 flags=0x010 seq=253294138 ack=189 src=32839 dst=18081
NIE7 pc=00045d74 CBufferList::Putn r0=0c697c68 r1=0cd205f4 r2=00000000 r3=0cd184b4 sp=0cc8257c lr=6009c7b0
NIE7 pc=00046298 CBufferList::GetSize r0=0c697c68 r1=0c697c68 r2=00010064 r3=00008c69 sp=0cc82620 lr=6009c4b8
TCPDIAG inbound frame 58 b0 35 77 d7 22 00 fa c0 a8 01 01 08 00 45 00 00 37 03 fc 00 00 40 06 aa c8 0a 2a 00 01 c0 a8 01 2a 46 a1 83 e0 00 00 00 5b 0e cb cd 41 50 10 10 00 fd 24 00 00 54 4f 4f 4c 53 20 30 20 70 69 6e 67 20 0d 0a
NIE7 pc=00045d74 CBufferList::Putn r0=0c69a2e8 r1=0cd1f5e4 r2=0000000f r3=0cd1824c sp=0cc8257c lr=6009c7b0
NIE7 pc=00134fdc TNewScriptEndpointClient::DoOutput r0=0c699d28 r1=0ce2803c r2=0cd0e4f0 r3=0ce28044 sp=0cd0e4f0 lr=00139010
NIE7 pc=00135440 TNewScriptEndpointClient::OutputData r0=0c699d28 r1=0ce2803c r2=00000003 r3=00000000 sp=0cd0e4a8 lr=00135220
NIE7 pc=00382bbc TEndpoint::nSnd(raw) r0=0c69a0c4 r1=0c698fa0 r2=0cd0e468 r3=00000001 sp=0cd0e45c lr=00135560
NIE7 pc=00383854 PConnectionEnd::PutBytesStart r0=0cd1d30c r1=0c69a448 r2=0cd1d4e4 r3=00008269 sp=0cc82640 lr=00072980
NIE7 pc=00046298 CBufferList::GetSize r0=0c69a448 r1=0c69a448 r2=ffffffff r3=ffffffff sp=0cc82528 lr=6008ad30
TCPDIAG native SendBuffer r1=0cd19f28 r2=71
TCPDIAG native SendPacket addr=0cd19f28 size=71
TCPDIAG native frame 00 fa c0 a8 01 01 58 b0 35 77 d7 22 08 00 45 00 00 39 00 3e 00 00 40 06 ae 84 c0 a8 01 2a 0a 2a 00 01 83 e0 46 a1 0e cb cd 41 00 00 00 5b 50 10 10 00 b8 84 00 00 30 0d 0a 72 65 73 75 6c 74 0d 0a 70 6f 6e 67 0d 0a
TCPDIAG state=kStateConnectedWaitACK size=71 iptotal=57 iphdr=20 tcphdr=20 payload=17 flags=0x010 seq=248237377 ack=91 src=33760 dst=18081
TCPDIAG host-send requested=17 sent=17 errno=0
NIE7 pc=00046298 CBufferList::GetSize r0=0c69a448 r1=00010024 r2=0cd215f4 r3=0cd21a13 sp=0cc82618 lr=6009be90
NIE7 pc=00046298 CBufferList::GetSize r0=0c69a2e8 r1=0c69a2e8 r2=00010064 r3=00008269 sp=0cc82620 lr=6009c4b8
NIE7 pc=00135904 TNewScriptEndpointClient::SndComplete r0=0c699d28 r1=0cd0e958 r2=0001f26c r3=0cd0e958 sp=0cd0e8c4 lr=001386e4
NIE7 pc=00134fdc TNewScriptEndpointClient::DoOutput r0=0c699d28 r1=0ce2800c r2=0cd0e514 r3=0ce28014 sp=0cd0e514 lr=00139010
NIE7 pc=00135440 TNewScriptEndpointClient::OutputData r0=0c699d28 r1=0ce2800c r2=00000003 r3=00000000 sp=0cd0e4cc lr=00135220
NIE7 pc=00382bbc TEndpoint::nSnd(raw) r0=0c69a0c4 r1=0c6974d4 r2=0cd0e48c r3=00000001 sp=0cd0e480 lr=00135560
NIE7 pc=00383854 PConnectionEnd::PutBytesStart r0=0cd1d30c r1=0c69a448 r2=0cd1d4e4 r3=00008269 sp=0cc82640 lr=00072980
NIE7 pc=00046298 CBufferList::GetSize r0=0c69a448 r1=0c69a448 r2=ffffffff r3=ffffffff sp=0cc82528 lr=6008ad30
TCPDIAG native SendBuffer r1=0cd19f28 r2=60
TCPDIAG native SendPacket addr=0cd19f28 size=60
TCPDIAG native frame 00 fa c0 a8 01 01 58 b0 35 77 d7 22 08 00 45 00 00 2e 00 3f 00 00 40 06 ae 8e c0 a8 01 2a 0a 2a 00 01 83 e0 46 a1 0e cb cd 52 00 00 00 5b 50 10 10 00 83 31 00 00 50 4f 4c 4c 0d 0a
TCPDIAG state=kStateConnected size=60 iptotal=46 iphdr=20 tcphdr=20 payload=6 flags=0x010 seq=248237394 ack=91 src=33760 dst=18081
TCPDIAG host-send requested=6 sent=6 errno=0
NIE7 pc=00046298 CBufferList::GetSize r0=0c69a448 r1=00010064 r2=0cd215f4 r3=0cd21a13 sp=0cc82618 lr=6009be90
NIE7 pc=00135904 TNewScriptEndpointClient::SndComplete r0=0c699d28 r1=0cd0e958 r2=0001f26c r3=0cd0e958 sp=0cd0e8c4 lr=001386e4
TCPDIAG native SendBuffer r1=0cd19f28 r2=54
TCPDIAG native SendPacket addr=0cd19f28 size=54
TCPDIAG native frame 00 fa c0 a8 01 01 58 b0 35 77 d7 22 08 00 45 00 00 28 00 40 00 00 40 06 ae 93 c0 a8 01 2a 0a 2a 00 01 83 e0 46 a1 0e cb cd 58 00 00 00 6a 50 10 10 00 2c c8 00 00
TCPDIAG state=kStateConnected size=54 iptotal=40 iphdr=20 tcphdr=20 payload=0 flags=0x010 seq=248237400 ack=106 src=33760 dst=18081
TCPDIAG inbound frame 58 b0 35 77 d7 22 00 fa c0 a8 01 01 08 00 45 00 00 28 03 fd 00 00 40 06 aa d6 0a 2a 00 01 c0 a8 01 2a 46 a1 83 e0 00 00 00 6a 0e cb cd 52 50 10 10 00 2c ce 00 00
TCPDIAG inbound frame 58 b0 35 77 d7 22 00 fa c0 a8 01 01 08 00 45 00 00 28 03 fe 00 00 40 06 aa d5 0a 2a 00 01 c0 a8 01 2a 46 a1 83 e0 00 00 00 6a 0e cb cd 58 50 10 10 00 2c c8 00 00
[emulator-control] 127.0.0.1 "GET /health HTTP/1.1" 200 -
TCPDIAG native SendBuffer r1=0cd19f28 r2=54
TCPDIAG native SendPacket addr=0cd19f28 size=54
TCPDIAG native frame 00 fa c0 a8 01 01 58 b0 35 77 d7 22 08 00 45 00 00 28 00 41 00 00 40 06 ae 92 c0 a8 01 2a 0a 2a 00 01 80 47 46 a1 0f 18 f6 3a 00 00 00 bd 50 11 10 00 06 de 00 00
TCPDIAG state=kStatePeerDiscWaitForFIN size=54 iptotal=40 iphdr=20 tcphdr=20 payload=0 flags=0x011 seq=253294138 ack=189 src=32839 dst=18081
TCPDIAG inbound frame 58 b0 35 77 d7 22 00 fa c0 a8 01 01 08 00 45 00 00 28 03 f0 00 00 40 06 aa e3 0a 2a 00 01 c0 a8 01 2a 46 a1 80 47 00 00 00 bd 0f 18 f6 3b 50 04 10 00 06 ea 00 00
TCPDIAG inbound frame 58 b0 35 77 d7 22 00 fa c0 a8 01 01 08 00 45 00 00 37 03 ff 00 00 40 06 aa c5 0a 2a 00 01 c0 a8 01 2a 46 a1 83 e0 00 00 00 6a 0e cb cd 58 50 10 10 00 fc fe 00 00 54 4f 4f 4c 53 20 30 20 70 69 6e 67 20 0d 0a
NIE7 pc=00045d74 CBufferList::Putn r0=0c69a2e8 r1=0cd1f5e4 r2=0000000f r3=0cd1824c sp=0cc8257c lr=6009c7b0
NIE7 pc=00134fdc TNewScriptEndpointClient::DoOutput r0=0c699d28 r1=0ce2803c r2=0cd0e4f0 r3=0ce28044 sp=0cd0e4f0 lr=00139010
NIE7 pc=00135440 TNewScriptEndpointClient::OutputData r0=0c699d28 r1=0ce2803c r2=00000003 r3=00000000 sp=0cd0e4a8 lr=00135220
NIE7 pc=00382bbc TEndpoint::nSnd(raw) r0=0c69a0c4 r1=0c6990d8 r2=0cd0e468 r3=00000001 sp=0cd0e45c lr=00135560
NIE7 pc=00383854 PConnectionEnd::PutBytesStart r0=0cd1d30c r1=0c69a448 r2=0cd1d4e4 r3=00008269 sp=0cc82640 lr=00072980
NIE7 pc=00046298 CBufferList::GetSize r0=0c69a448 r1=0c69a448 r2=ffffffff r3=ffffffff sp=0cc82528 lr=6008ad30
TCPDIAG native SendBuffer r1=0cd19f28 r2=71
TCPDIAG native SendPacket addr=0cd19f28 size=71
TCPDIAG native frame 00 fa c0 a8 01 01 58 b0 35 77 d7 22 08 00 45 00 00 39 00 42 00 00 40 06 ae 80 c0 a8 01 2a 0a 2a 00 01 83 e0 46 a1 0e cb cd 58 00 00 00 6a 50 10 10 00 b8 5e 00 00 30 0d 0a 72 65 73 75 6c 74 0d 0a 70 6f 6e 67 0d 0a
TCPDIAG state=kStateConnectedWaitACK size=71 iptotal=57 iphdr=20 tcphdr=20 payload=17 flags=0x010 seq=248237400 ack=106 src=33760 dst=18081
TCPDIAG host-send requested=17 sent=17 errno=0
NIE7 pc=00046298 CBufferList::GetSize r0=0c69a448 r1=00010024 r2=0cd215f4 r3=0cd21a13 sp=0cc82618 lr=6009be90
NIE7 pc=00046298 CBufferList::GetSize r0=0c69a2e8 r1=0c69a2e8 r2=00010064 r3=00008269 sp=0cc82620 lr=6009c4b8
NIE7 pc=00135904 TNewScriptEndpointClient::SndComplete r0=0c699d28 r1=0cd0e958 r2=0001f26c r3=0cd0e958 sp=0cd0e8c4 lr=001386e4
NIE7 pc=00134fdc TNewScriptEndpointClient::DoOutput r0=0c699d28 r1=0ce2800c r2=0cd0e514 r3=0ce28014 sp=0cd0e514 lr=00139010
NIE7 pc=00135440 TNewScriptEndpointClient::OutputData r0=0c699d28 r1=0ce2800c r2=00000003 r3=00000000 sp=0cd0e4cc lr=00135220
NIE7 pc=00382bbc TEndpoint::nSnd(raw) r0=0c69a0c4 r1=0c6974d4 r2=0cd0e48c r3=00000001 sp=0cd0e480 lr=00135560
NIE7 pc=00383854 PConnectionEnd::PutBytesStart r0=0cd1d30c r1=0c69a448 r2=0cd1d4e4 r3=00008269 sp=0cc82640 lr=00072980
NIE7 pc=00046298 CBufferList::GetSize r0=0c69a448 r1=0c69a448 r2=ffffffff r3=ffffffff sp=0cc82528 lr=6008ad30
TCPDIAG native SendBuffer r1=0cd19f28 r2=60
TCPDIAG native SendPacket addr=0cd19f28 size=60
TCPDIAG native frame 00 fa c0 a8 01 01 58 b0 35 77 d7 22 08 00 45 00 00 2e 00 43 00 00 40 06 ae 8a c0 a8 01 2a 0a 2a 00 01 83 e0 46 a1 0e cb cd 69 00 00 00 6a 50 10 10 00 83 0b 00 00 50 4f 4c 4c 0d 0a
TCPDIAG state=kStateConnected size=60 iptotal=46 iphdr=20 tcphdr=20 payload=6 flags=0x010 seq=248237417 ack=106 src=33760 dst=18081
TCPDIAG host-send requested=6 sent=6 errno=0
NIE7 pc=00046298 CBufferList::GetSize r0=0c69a448 r1=00010064 r2=0cd215f4 r3=0cd21a13 sp=0cc82618 lr=6009be90
NIE7 pc=00135904 TNewScriptEndpointClient::SndComplete r0=0c699d28 r1=0cd0e958 r2=0001f26c r3=0cd0e958 sp=0cd0e8c4 lr=001386e4
TCPDIAG native SendBuffer r1=0cd19f28 r2=54
TCPDIAG native SendPacket addr=0cd19f28 size=54
TCPDIAG native frame 00 fa c0 a8 01 01 58 b0 35 77 d7 22 08 00 45 00 00 28 00 44 00 00 40 06 ae 8f c0 a8 01 2a 0a 2a 00 01 83 e0 46 a1 0e cb cd 6f 00 00 00 79 50 10 10 00 2c a2 00 00
TCPDIAG state=kStateConnected size=54 iptotal=40 iphdr=20 tcphdr=20 payload=0 flags=0x010 seq=248237423 ack=121 src=33760 dst=18081
TCPDIAG inbound frame 58 b0 35 77 d7 22 00 fa c0 a8 01 01 08 00 45 00 00 28 04 00 00 00 40 06 aa d3 0a 2a 00 01 c0 a8 01 2a 46 a1 83 e0 00 00 00 79 0e cb cd 69 50 10 10 00 2c a8 00 00
TCPDIAG inbound frame 58 b0 35 77 d7 22 00 fa c0 a8 01 01 08 00 45 00 00 28 04 01 00 00 40 06 aa d2 0a 2a 00 01 c0 a8 01 2a 46 a1 83 e0 00 00 00 79 0e cb cd 6f 50 10 10 00 2c a2 00 00
TCPDIAG native SendBuffer r1=0cd19f28 r2=58
TCPDIAG native SendPacket addr=0cd19f28 size=58
TCPDIAG native frame 00 fa c0 a8 01 01 58 b0 35 77 d7 22 08 00 45 00 00 2c 00 45 00 00 40 06 ae 8a c0 a8 01 2a 0a 2a 00 01 80 cf 46 a1 0f 30 e3 98 00 00 00 00 60 02 10 00 01 f0 00 00 02 04 05 b4
TCPDIAG state=kStateDisconnected size=58 iptotal=44 iphdr=20 tcphdr=24 payload=0 flags=0x002 seq=254862232 ack=0 src=32975 dst=18081
TCPDIAG inbound frame 58 b0 35 77 d7 22 00 fa c0 a8 01 01 08 00 45 00 00 2c 03 e8 00 00 40 06 aa e7 0a 2a 00 01 c0 a8 01 2a 46 a1 80 cf 00 00 00 00 0f 30 e3 99 60 12 10 00 01 df 00 00 02 04 05 b4
TCPDIAG native SendBuffer r1=0cd19f28 r2=54
TCPDIAG native SendPacket addr=0cd19f28 size=54
TCPDIAG native frame 00 fa c0 a8 01 01 58 b0 35 77 d7 22 08 00 45 00 00 28 00 46 00 00 40 06 ae 8d c0 a8 01 2a 0a 2a 00 01 80 cf 46 a1 0f 30 e3 99 00 00 00 01 50 10 10 00 19 9c 00 00
TCPDIAG state=kStateConnectionWaitACK size=54 iptotal=40 iphdr=20 tcphdr=20 payload=0 flags=0x010 seq=254862233 ack=1 src=32975 dst=18081
NIE7 pc=00134fdc TNewScriptEndpointClient::DoOutput r0=0c6976f8 r1=0ce8b014 r2=0cced554 r3=0ce8b01c sp=0cced554 lr=00139010
NIE7 pc=00135440 TNewScriptEndpointClient::OutputData r0=0c6976f8 r1=0ce8b014 r2=00000003 r3=00000000 sp=0cced50c lr=00135220
NIE7 pc=00382bbc TEndpoint::nSnd(raw) r0=0c6978c4 r1=0c69bf64 r2=0cced4cc r3=00000001 sp=0cced4c0 lr=00135560
NIE7 pc=00046298 CBufferList::GetSize r0=0c697c40 r1=0c697c40 r2=00010064 r3=00008ea9 sp=0cc82620 lr=6009c4b8
NIE7 pc=00383854 PConnectionEnd::PutBytesStart r0=0cd1e61c r1=0c697efc r2=0cd1e7f4 r3=00008ea9 sp=0cc82640 lr=00072980
NIE7 pc=00046298 CBufferList::GetSize r0=0c697efc r1=0c697efc r2=ffffffff r3=ffffffff sp=0cc82528 lr=6008ad30
TCPDIAG native SendBuffer r1=0cd19f28 r2=1514
TCPDIAG native SendPacket addr=0cd19f28 size=1514
TCPDIAG state=kStateConnected size=1514 iptotal=1500 iphdr=20 tcphdr=20 payload=1460 flags=0x010 seq=254862233 ack=1 src=32975 dst=18081
TCPDIAG host-send requested=1460 sent=1460 errno=0
TCPDIAG native SendBuffer r1=0cd19f28 r2=1514
TCPDIAG native SendPacket addr=0cd19f28 size=1514
TCPDIAG state=kStateConnected size=1514 iptotal=1500 iphdr=20 tcphdr=20 payload=1460 flags=0x010 seq=254863693 ack=1 src=32975 dst=18081
TCPDIAG host-send requested=1460 sent=1460 errno=0
NIE7 pc=00046298 CBufferList::GetSize r0=0c697efc r1=00010064 r2=0cd23324 r3=0cd23743 sp=0cc82618 lr=6009be90
NIE7 pc=00135904 TNewScriptEndpointClient::SndComplete r0=0c6976f8 r1=0cced958 r2=0001f26c r3=0cced958 sp=0cced8c4 lr=001386e4
TCPDIAG inbound frame 58 b0 35 77 d7 22 00 fa c0 a8 01 01 08 00 45 00 00 28 03 e9 00 00 40 06 aa ea 0a 2a 00 01 c0 a8 01 2a 46 a1 80 cf 00 00 00 01 0f 30 e9 4d 50 10 10 00 13 e8 00 00
TCPDIAG native SendBuffer r1=0cd19f28 r2=1514
TCPDIAG native SendPacket addr=0cd19f28 size=1514
TCPDIAG state=kStateConnected size=1514 iptotal=1500 iphdr=20 tcphdr=20 payload=1460 flags=0x010 seq=254865153 ack=1 src=32975 dst=18081
TCPDIAG host-send requested=1460 sent=1460 errno=0
TCPDIAG inbound frame 58 b0 35 77 d7 22 00 fa c0 a8 01 01 08 00 45 00 00 28 03 ea 00 00 40 06 aa e9 0a 2a 00 01 c0 a8 01 2a 46 a1 80 cf 00 00 00 01 0f 30 ef 01 50 10 10 00 0e 34 00 00
TCPDIAG native SendBuffer r1=0cd19f28 r2=1514
TCPDIAG native SendPacket addr=0cd19f28 size=1514
TCPDIAG state=kStateConnected size=1514 iptotal=1500 iphdr=20 tcphdr=20 payload=1460 flags=0x010 seq=254866613 ack=1 src=32975 dst=18081
TCPDIAG host-send requested=1460 sent=1460 errno=0
TCPDIAG native SendBuffer r1=0cd19f28 r2=1121
TCPDIAG native SendPacket addr=0cd19f28 size=1121
TCPDIAG state=kStateConnected size=1121 iptotal=1107 iphdr=20 tcphdr=20 payload=1067 flags=0x010 seq=254868073 ack=1 src=32975 dst=18081
TCPDIAG host-send requested=1067 sent=1067 errno=0
TCPDIAG inbound frame 58 b0 35 77 d7 22 00 fa c0 a8 01 01 08 00 45 00 00 28 03 eb 00 00 40 06 aa e8 0a 2a 00 01 c0 a8 01 2a 46 a1 80 cf 00 00 00 01 0f 30 f4 b5 50 10 10 00 08 80 00 00
TCPDIAG inbound frame 58 b0 35 77 d7 22 00 fa c0 a8 01 01 08 00 45 00 00 28 03 ec 00 00 40 06 aa e7 0a 2a 00 01 c0 a8 01 2a 46 a1 80 cf 00 00 00 01 0f 30 fa 69 50 10 10 00 02 cc 00 00
TCPDIAG inbound frame 58 b0 35 77 d7 22 00 fa c0 a8 01 01 08 00 45 00 00 28 03 ed 00 00 40 06 aa e6 0a 2a 00 01 c0 a8 01 2a 46 a1 80 cf 00 00 00 01 0f 30 fe 94 50 10 10 00 fe a0 00 00
NIE7 pc=00045d74 CBufferList::Putn r0=0c697c40 r1=0cd205f4 r2=000000bb r3=0cd184b4 sp=0cc8257c lr=6009c7b0
NIE7 pc=00046298 CBufferList::GetSize r0=0c697c40 r1=0c697c40 r2=00010064 r3=00008ea9 sp=0cc82620 lr=6009c4b8
TCPDIAG inbound frame 58 b0 35 77 d7 22 00 fa c0 a8 01 01 08 00 45 00 00 37 04 02 00 00 40 06 aa c2 0a 2a 00 01 c0 a8 01 2a 46 a1 83 e0 00 00 00 79 0e cb cd 6f 50 10 10 00 fc d8 00 00 54 4f 4f 4c 53 20 30 20 70 69 6e 67 20 0d 0a
NIE7 pc=00045d74 CBufferList::Putn r0=0c69a2e8 r1=0cd1f5e4 r2=0000000f r3=0cd1824c sp=0cc8257c lr=6009c7b0
NIE7 pc=00134fdc TNewScriptEndpointClient::DoOutput r0=0c699d28 r1=0ce8b03c r2=0cced4f0 r3=0ce8b044 sp=0cced4f0 lr=00139010
NIE7 pc=00135440 TNewScriptEndpointClient::OutputData r0=0c699d28 r1=0ce8b03c r2=00000003 r3=00000000 sp=0cced4a8 lr=00135220
NIE7 pc=00382bbc TEndpoint::nSnd(raw) r0=0c69a0c4 r1=0c699114 r2=0cced468 r3=00000001 sp=0cced45c lr=00135560
NIE7 pc=00383854 PConnectionEnd::PutBytesStart r0=0cd1d30c r1=0c69a448 r2=0cd1d4e4 r3=00008269 sp=0cc82640 lr=00072980
NIE7 pc=00046298 CBufferList::GetSize r0=0c69a448 r1=0c69a448 r2=ffffffff r3=ffffffff sp=0cc82528 lr=6008ad30
TCPDIAG native SendBuffer r1=0cd19f28 r2=71
TCPDIAG native SendPacket addr=0cd19f28 size=71
TCPDIAG native frame 00 fa c0 a8 01 01 58 b0 35 77 d7 22 08 00 45 00 00 39 00 4c 00 00 40 06 ae 76 c0 a8 01 2a 0a 2a 00 01 83 e0 46 a1 0e cb cd 6f 00 00 00 79 50 10 10 00 b8 38 00 00 30 0d 0a 72 65 73 75 6c 74 0d 0a 70 6f 6e 67 0d 0a
TCPDIAG state=kStateConnectedWaitACK size=71 iptotal=57 iphdr=20 tcphdr=20 payload=17 flags=0x010 seq=248237423 ack=121 src=33760 dst=18081
TCPDIAG host-send requested=17 sent=17 errno=0
NIE7 pc=00046298 CBufferList::GetSize r0=0c69a448 r1=00010024 r2=0cd215f4 r3=0cd21a13 sp=0cc82618 lr=6009be90
NIE7 pc=00046298 CBufferList::GetSize r0=0c69a2e8 r1=0c69a2e8 r2=00010064 r3=00008269 sp=0cc82620 lr=6009c4b8
TCPDIAG native SendBuffer r1=0cd19f28 r2=54
TCPDIAG native SendPacket addr=0cd19f28 size=54
TCPDIAG native frame 00 fa c0 a8 01 01 58 b0 35 77 d7 22 08 00 45 00 00 28 00 4d 00 00 40 06 ae 86 c0 a8 01 2a 0a 2a 00 01 80 cf 46 a1 0f 30 fe 94 00 00 00 bc 50 10 10 00 fd e5 00 00
TCPDIAG state=kStateConnectedWaitACK size=54 iptotal=40 iphdr=20 tcphdr=20 payload=0 flags=0x010 seq=254869140 ack=188 src=32975 dst=18081
NIE7 pc=00135904 TNewScriptEndpointClient::SndComplete r0=0c699d28 r1=0cced958 r2=0001f26c r3=0cced958 sp=0cced8c4 lr=001386e4
NIE7 pc=00134fdc TNewScriptEndpointClient::DoOutput r0=0c699d28 r1=0ce8b00c r2=0cced514 r3=0ce8b014 sp=0cced514 lr=00139010
NIE7 pc=00135440 TNewScriptEndpointClient::OutputData r0=0c699d28 r1=0ce8b00c r2=00000003 r3=00000000 sp=0cced4cc lr=00135220
NIE7 pc=00382bbc TEndpoint::nSnd(raw) r0=0c69a0c4 r1=0c697990 r2=0cced48c r3=00000001 sp=0cced480 lr=00135560
NIE7 pc=00383854 PConnectionEnd::PutBytesStart r0=0cd1d30c r1=0c69a448 r2=0cd1d4e4 r3=00008269 sp=0cc82640 lr=00072980
NIE7 pc=00046298 CBufferList::GetSize r0=0c69a448 r1=0c69a448 r2=ffffffff r3=ffffffff sp=0cc82528 lr=6008ad30
TCPDIAG native SendBuffer r1=0cd19f28 r2=60
TCPDIAG native SendPacket addr=0cd19f28 size=60
TCPDIAG native frame 00 fa c0 a8 01 01 58 b0 35 77 d7 22 08 00 45 00 00 2e 00 4e 00 00 40 06 ae 7f c0 a8 01 2a 0a 2a 00 01 83 e0 46 a1 0e cb cd 80 00 00 00 79 50 10 10 00 82 e5 00 00 50 4f 4c 4c 0d 0a
TCPDIAG state=kStateConnected size=60 iptotal=46 iphdr=20 tcphdr=20 payload=6 flags=0x010 seq=248237440 ack=121 src=33760 dst=18081
TCPDIAG host-send requested=6 sent=6 errno=0
NIE7 pc=00046298 CBufferList::GetSize r0=0c69a448 r1=00010064 r2=0cd215f4 r3=0cd21a13 sp=0cc82618 lr=6009be90
NIE7 pc=00135904 TNewScriptEndpointClient::SndComplete r0=0c699d28 r1=0cced958 r2=0001f26c r3=0cced958 sp=0cced8c4 lr=001386e4
TCPDIAG native SendBuffer r1=0cd19f28 r2=54
TCPDIAG native SendPacket addr=0cd19f28 size=54
TCPDIAG native frame 00 fa c0 a8 01 01 58 b0 35 77 d7 22 08 00 45 00 00 28 00 4f 00 00 40 06 ae 84 c0 a8 01 2a 0a 2a 00 01 83 e0 46 a1 0e cb cd 86 00 00 00 88 50 10 10 00 2c 7c 00 00
TCPDIAG state=kStateConnected size=54 iptotal=40 iphdr=20 tcphdr=20 payload=0 flags=0x010 seq=248237446 ack=136 src=33760 dst=18081
TCPDIAG native SendBuffer r1=0cd19f28 r2=77
TCPDIAG native SendPacket addr=0cd19f28 size=77
TCPDIAG native frame 00 fa c0 a8 01 01 58 b0 35 77 d7 22 08 00 45 00 00 3f 00 50 00 00 40 06 ae 6c c0 a8 01 2a 0a 2a 00 01 83 e0 46 a1 0e cb cd 6f 00 00 00 88 50 10 10 00 12 7a 00 00 30 0d 0a 72 65 73 75 6c 74 0d 0a 70 6f 6e 67 0d 0a 50 4f 4c 4c 0d 0a
TCPDIAG state=kStateConnected size=77 iptotal=63 iphdr=20 tcphdr=20 payload=23 flags=0x010 seq=248237423 ack=136 src=33760 dst=18081
TCPDIAG host-send requested=23 sent=23 errno=0
TCPDIAG inbound frame 58 b0 35 77 d7 22 00 fa c0 a8 01 01 08 00 45 00 00 28 04 03 00 00 40 06 aa d0 0a 2a 00 01 c0 a8 01 2a 46 a1 83 e0 00 00 00 88 0e cb cd 80 50 10 10 00 2c 82 00 00
TCPDIAG inbound frame 58 b0 35 77 d7 22 00 fa c0 a8 01 01 08 00 45 00 00 28 04 04 00 00 40 06 aa cf 0a 2a 00 01 c0 a8 01 2a 46 a1 83 e0 00 00 00 88 0e cb cd 86 50 10 10 00 2c 7c 00 00
TCPDIAG inbound frame 58 b0 35 77 d7 22 00 fa c0 a8 01 01 08 00 45 00 00 28 04 05 00 00 40 06 aa ce 0a 2a 00 01 c0 a8 01 2a 46 a1 83 e0 00 00 00 88 0e cb cd 86 50 10 10 00 2c 7c 00 00
TCPDIAG inbound frame 58 b0 35 77 d7 22 00 fa c0 a8 01 01 08 00 45 00 00 28 03 ef 00 00 40 06 aa e4 0a 2a 00 01 c0 a8 01 2a 46 a1 80 cf 00 00 00 bc 0f 30 fe 94 50 11 10 00 fd e4 00 00
TCPDIAG native SendBuffer r1=0cd19f28 r2=54
TCPDIAG native SendPacket addr=0cd19f28 size=54
TCPDIAG native frame 00 fa c0 a8 01 01 58 b0 35 77 d7 22 08 00 45 00 00 28 00 51 00 00 40 06 ae 82 c0 a8 01 2a 0a 2a 00 01 80 cf 46 a1 0f 30 fe 94 00 00 00 bd 50 10 10 00 fd e4 00 00
TCPDIAG state=kStatePeerDiscWaitForACK size=54 iptotal=40 iphdr=20 tcphdr=20 payload=0 flags=0x010 seq=254869140 ack=189 src=32975 dst=18081
NIE7 pc=00045d74 CBufferList::Putn r0=0c697c40 r1=0cd205f4 r2=00000000 r3=0cd184b4 sp=0cc8257c lr=6009c7b0
NIE7 pc=00046298 CBufferList::GetSize r0=0c697c40 r1=0c697c40 r2=00010064 r3=00008ea9 sp=0cc82620 lr=6009c4b8
[emulator-control] 10.89.10.7 "GET /screen.png HTTP/1.1" 200 -
TCPDIAG inbound frame 58 b0 35 77 d7 22 00 fa c0 a8 01 01 08 00 45 00 00 37 04 06 00 00 40 06 aa be 0a 2a 00 01 c0 a8 01 2a 46 a1 83 e0 00 00 00 88 0e cb cd 86 50 10 10 00 fc b2 00 00 54 4f 4f 4c 53 20 30 20 70 69 6e 67 20 0d 0a
NIE7 pc=00045d74 CBufferList::Putn r0=0c69a2e8 r1=0cd1f5e4 r2=0000000f r3=0cd1824c sp=0cc8257c lr=6009c7b0
NIE7 pc=00134fdc TNewScriptEndpointClient::DoOutput r0=0c699d28 r1=0ce8b03c r2=0cced4f0 r3=0ce8b044 sp=0cced4f0 lr=00139010
NIE7 pc=00135440 TNewScriptEndpointClient::OutputData r0=0c699d28 r1=0ce8b03c r2=00000003 r3=00000000 sp=0cced4a8 lr=00135220
NIE7 pc=00382bbc TEndpoint::nSnd(raw) r0=0c69a0c4 r1=0c6991d8 r2=0cced468 r3=00000001 sp=0cced45c lr=00135560
NIE7 pc=00383854 PConnectionEnd::PutBytesStart r0=0cd1d30c r1=0c69a448 r2=0cd1d4e4 r3=00008269 sp=0cc82640 lr=00072980
NIE7 pc=00046298 CBufferList::GetSize r0=0c69a448 r1=0c69a448 r2=ffffffff r3=ffffffff sp=0cc82528 lr=6008ad30
TCPDIAG native SendBuffer r1=0cd19f28 r2=71
TCPDIAG native SendPacket addr=0cd19f28 size=71
TCPDIAG native frame 00 fa c0 a8 01 01 58 b0 35 77 d7 22 08 00 45 00 00 39 00 52 00 00 40 06 ae 70 c0 a8 01 2a 0a 2a 00 01 83 e0 46 a1 0e cb cd 86 00 00 00 88 50 10 10 00 b8 12 00 00 30 0d 0a 72 65 73 75 6c 74 0d 0a 70 6f 6e 67 0d 0a
TCPDIAG state=kStateConnectedWaitACK size=71 iptotal=57 iphdr=20 tcphdr=20 payload=17 flags=0x010 seq=248237446 ack=136 src=33760 dst=18081
TCPDIAG host-send requested=17 sent=17 errno=0
NIE7 pc=00046298 CBufferList::GetSize r0=0c69a448 r1=00010024 r2=0cd215f4 r3=0cd21a13 sp=0cc82618 lr=6009be90
NIE7 pc=00046298 CBufferList::GetSize r0=0c69a2e8 r1=0c69a2e8 r2=00010064 r3=00008269 sp=0cc82620 lr=6009c4b8
NIE7 pc=00135904 TNewScriptEndpointClient::SndComplete r0=0c699d28 r1=0cced958 r2=0001f26c r3=0cced958 sp=0cced8c4 lr=001386e4
NIE7 pc=00134fdc TNewScriptEndpointClient::DoOutput r0=0c699d28 r1=0ce8b00c r2=0cced514 r3=0ce8b014 sp=0cced514 lr=00139010
NIE7 pc=00135440 TNewScriptEndpointClient::OutputData r0=0c699d28 r1=0ce8b00c r2=00000003 r3=00000000 sp=0cced4cc lr=00135220
NIE7 pc=00382bbc TEndpoint::nSnd(raw) r0=0c69a0c4 r1=0c6974d0 r2=0cced48c r3=00000001 sp=0cced480 lr=00135560
NIE7 pc=00383854 PConnectionEnd::PutBytesStart r0=0cd1d30c r1=0c69a448 r2=0cd1d4e4 r3=00008269 sp=0cc82640 lr=00072980
NIE7 pc=00046298 CBufferList::GetSize r0=0c69a448 r1=0c69a448 r2=ffffffff r3=ffffffff sp=0cc82528 lr=6008ad30
TCPDIAG native SendBuffer r1=0cd19f28 r2=60
TCPDIAG native SendPacket addr=0cd19f28 size=60
TCPDIAG native frame 00 fa c0 a8 01 01 58 b0 35 77 d7 22 08 00 45 00 00 2e 00 53 00 00 40 06 ae 7a c0 a8 01 2a 0a 2a 00 01 83 e0 46 a1 0e cb cd 97 00 00 00 88 50 10 10 00 82 bf 00 00 50 4f 4c 4c 0d 0a
TCPDIAG state=kStateConnected size=60 iptotal=46 iphdr=20 tcphdr=20 payload=6 flags=0x010 seq=248237463 ack=136 src=33760 dst=18081
TCPDIAG host-send requested=6 sent=6 errno=0
NIE7 pc=00046298 CBufferList::GetSize r0=0c69a448 r1=00010064 r2=0cd215f4 r3=0cd21a13 sp=0cc82618 lr=6009be90
NIE7 pc=00135904 TNewScriptEndpointClient::SndComplete r0=0c699d28 r1=0cced958 r2=0001f26c r3=0cced958 sp=0cced8c4 lr=001386e4
TCPDIAG inbound frame 58 b0 35 77 d7 22 00 fa c0 a8 01 01 08 00 45 00 00 28 04 07 00 00 40 06 aa cc 0a 2a 00 01 c0 a8 01 2a 46 a1 83 e0 00 00 00 97 0e cb cd 97 50 10 10 00 2c 5c 00 00
TCPDIAG native SendBuffer r1=0cd19f28 r2=54
TCPDIAG native SendPacket addr=0cd19f28 size=54
TCPDIAG native frame 00 fa c0 a8 01 01 58 b0 35 77 d7 22 08 00 45 00 00 28 00 54 00 00 40 06 ae 7f c0 a8 01 2a 0a 2a 00 01 83 e0 46 a1 0e cb cd 9d 00 00 00 97 50 10 10 00 2c 56 00 00
TCPDIAG state=kStateConnected size=54 iptotal=40 iphdr=20 tcphdr=20 payload=0 flags=0x010 seq=248237469 ack=151 src=33760 dst=18081
TCPDIAG inbound frame 58 b0 35 77 d7 22 00 fa c0 a8 01 01 08 00 45 00 00 28 04 08 00 00 40 06 aa cb 0a 2a 00 01 c0 a8 01 2a 46 a1 83 e0 00 00 00 97 0e cb cd 9d 50 10 10 00 2c 56 00 00
TCPDIAG native SendBuffer r1=0cd19f28 r2=54
TCPDIAG native SendPacket addr=0cd19f28 size=54
TCPDIAG native frame 00 fa c0 a8 01 01 58 b0 35 77 d7 22 08 00 45 00 00 28 00 55 00 00 40 06 ae 7e c0 a8 01 2a 0a 2a 00 01 80 cf 46 a1 0f 30 fe 94 00 00 00 bd 50 11 10 00 fd e3 00 00
TCPDIAG state=kStatePeerDiscWaitForFIN size=54 iptotal=40 iphdr=20 tcphdr=20 payload=0 flags=0x011 seq=254869140 ack=189 src=32975 dst=18081
TCPDIAG inbound frame 58 b0 35 77 d7 22 00 fa c0 a8 01 01 08 00 45 00 00 28 03 f0 00 00 40 06 aa e3 0a 2a 00 01 c0 a8 01 2a 46 a1 80 cf 00 00 00 bd 0f 30 fe 95 50 04 10 00 fd ef 00 00
TCPDIAG native SendBuffer r1=0cd19f28 r2=58
TCPDIAG native SendPacket addr=0cd19f28 size=58
TCPDIAG native frame 00 fa c0 a8 01 01 58 b0 35 77 d7 22 08 00 45 00 00 2c 00 56 00 00 40 06 ae 79 c0 a8 01 2a 0a 2a 00 01 81 57 46 a1 0f 4d 7f d0 00 00 00 00 60 02 10 00 65 13 00 00 02 04 05 b4
TCPDIAG state=kStateDisconnected size=58 iptotal=44 iphdr=20 tcphdr=24 payload=0 flags=0x002 seq=256737232 ack=0 src=33111 dst=18081
TCPDIAG inbound frame 58 b0 35 77 d7 22 00 fa c0 a8 01 01 08 00 45 00 00 2c 03 e8 00 00 40 06 aa e7 0a 2a 00 01 c0 a8 01 2a 46 a1 81 57 00 00 00 00 0f 4d 7f d1 60 12 10 00 65 02 00 00 02 04 05 b4
TCPDIAG native SendBuffer r1=0cd19f28 r2=54
TCPDIAG native SendPacket addr=0cd19f28 size=54
TCPDIAG native frame 00 fa c0 a8 01 01 58 b0 35 77 d7 22 08 00 45 00 00 28 00 57 00 00 40 06 ae 7c c0 a8 01 2a 0a 2a 00 01 81 57 46 a1 0f 4d 7f d1 00 00 00 01 50 10 10 00 7c bf 00 00
TCPDIAG state=kStateConnectionWaitACK size=54 iptotal=40 iphdr=20 tcphdr=20 payload=0 flags=0x010 seq=256737233 ack=1 src=33111 dst=18081
NIE7 pc=00134fdc TNewScriptEndpointClient::DoOutput r0=0c6976f8 r1=0ce28014 r2=0cd0e554 r3=0ce2801c sp=0cd0e554 lr=00139010
NIE7 pc=00135440 TNewScriptEndpointClient::OutputData r0=0c6976f8 r1=0ce28014 r2=00000003 r3=00000000 sp=0cd0e50c lr=00135220
NIE7 pc=00382bbc TEndpoint::nSnd(raw) r0=0c6978c4 r1=0c69bb54 r2=0cd0e4cc r3=00000001 sp=0cd0e4c0 lr=00135560
NIE7 pc=00046298 CBufferList::GetSize r0=0c697c80 r1=0c697c80 r2=00010064 r3=000090e9 sp=0cc82620 lr=6009c4b8
NIE7 pc=00383854 PConnectionEnd::PutBytesStart r0=0cd1e61c r1=0c697f24 r2=0cd1e7f4 r3=000090e9 sp=0cc82640 lr=00072980
NIE7 pc=00046298 CBufferList::GetSize r0=0c697f24 r1=0c697f24 r2=ffffffff r3=ffffffff sp=0cc82528 lr=6008ad30
TCPDIAG native SendBuffer r1=0cd19f28 r2=1514
TCPDIAG native SendPacket addr=0cd19f28 size=1514
TCPDIAG state=kStateConnected size=1514 iptotal=1500 iphdr=20 tcphdr=20 payload=1460 flags=0x010 seq=256737233 ack=1 src=33111 dst=18081
TCPDIAG host-send requested=1460 sent=1460 errno=0
TCPDIAG native SendBuffer r1=0cd19f28 r2=1514
TCPDIAG native SendPacket addr=0cd19f28 size=1514
TCPDIAG state=kStateConnected size=1514 iptotal=1500 iphdr=20 tcphdr=20 payload=1460 flags=0x010 seq=256738693 ack=1 src=33111 dst=18081
TCPDIAG host-send requested=1460 sent=1460 errno=0
NIE7 pc=00046298 CBufferList::GetSize r0=0c697f24 r1=00010064 r2=0cd23328 r3=0cd23747 sp=0cc82618 lr=6009be90
NIE7 pc=00135904 TNewScriptEndpointClient::SndComplete r0=0c6976f8 r1=0cd0e958 r2=0001f26c r3=0cd0e958 sp=0cd0e8c4 lr=001386e4
TCPDIAG inbound frame 58 b0 35 77 d7 22 00 fa c0 a8 01 01 08 00 45 00 00 28 03 e9 00 00 40 06 aa ea 0a 2a 00 01 c0 a8 01 2a 46 a1 81 57 00 00 00 01 0f 4d 85 85 50 10 10 00 77 0b 00 00
TCPDIAG native SendBuffer r1=0cd19f28 r2=1514
TCPDIAG native SendPacket addr=0cd19f28 size=1514
TCPDIAG state=kStateConnected size=1514 iptotal=1500 iphdr=20 tcphdr=20 payload=1460 flags=0x010 seq=256740153 ack=1 src=33111 dst=18081
TCPDIAG host-send requested=1460 sent=1460 errno=0
TCPDIAG inbound frame 58 b0 35 77 d7 22 00 fa c0 a8 01 01 08 00 45 00 00 28 03 ea 00 00 40 06 aa e9 0a 2a 00 01 c0 a8 01 2a 46 a1 81 57 00 00 00 01 0f 4d 8b 39 50 10 10 00 71 57 00 00
TCPDIAG native SendBuffer r1=0cd19f28 r2=1514
TCPDIAG native SendPacket addr=0cd19f28 size=1514
TCPDIAG state=kStateConnected size=1514 iptotal=1500 iphdr=20 tcphdr=20 payload=1460 flags=0x010 seq=256741613 ack=1 src=33111 dst=18081
TCPDIAG host-send requested=1460 sent=1460 errno=0
TCPDIAG native SendBuffer r1=0cd19f28 r2=1123
TCPDIAG native SendPacket addr=0cd19f28 size=1123
TCPDIAG state=kStateConnected size=1123 iptotal=1109 iphdr=20 tcphdr=20 payload=1069 flags=0x010 seq=256743073 ack=1 src=33111 dst=18081
TCPDIAG host-send requested=1069 sent=1069 errno=0
TCPDIAG inbound frame 58 b0 35 77 d7 22 00 fa c0 a8 01 01 08 00 45 00 00 28 03 eb 00 00 40 06 aa e8 0a 2a 00 01 c0 a8 01 2a 46 a1 81 57 00 00 00 01 0f 4d 90 ed 50 10 10 00 6b a3 00 00
[emulator-control] 127.0.0.1 "GET /health HTTP/1.1" 200 -
TCPDIAG inbound frame 58 b0 35 77 d7 22 00 fa c0 a8 01 01 08 00 45 00 00 28 03 ec 00 00 40 06 aa e7 0a 2a 00 01 c0 a8 01 2a 46 a1 81 57 00 00 00 01 0f 4d 96 a1 50 10 10 00 65 ef 00 00
TCPDIAG inbound frame 58 b0 35 77 d7 22 00 fa c0 a8 01 01 08 00 45 00 00 28 03 ed 00 00 40 06 aa e6 0a 2a 00 01 c0 a8 01 2a 46 a1 81 57 00 00 00 01 0f 4d 9a ce 50 10 10 00 61 c2 00 00
NIE7 pc=00045d74 CBufferList::Putn r0=0c697c80 r1=0cd205f4 r2=000000bb r3=0cd184b4 sp=0cc8257c lr=6009c7b0
NIE7 pc=00046298 CBufferList::GetSize r0=0c697c80 r1=0c697c80 r2=00010064 r3=000090e9 sp=0cc82620 lr=6009c4b8
TCPDIAG native SendBuffer r1=0cd19f28 r2=54
TCPDIAG native SendPacket addr=0cd19f28 size=54
TCPDIAG native frame 00 fa c0 a8 01 01 58 b0 35 77 d7 22 08 00 45 00 00 28 00 5d 00 00 40 06 ae 76 c0 a8 01 2a 0a 2a 00 01 81 57 46 a1 0f 4d 9a ce 00 00 00 bc 50 10 10 00 61 07 00 00
TCPDIAG state=kStateConnectedWaitACK size=54 iptotal=40 iphdr=20 tcphdr=20 payload=0 flags=0x010 seq=256744142 ack=188 src=33111 dst=18081
TCPDIAG inbound frame 58 b0 35 77 d7 22 00 fa c0 a8 01 01 08 00 45 00 00 37 04 09 00 00 40 06 aa bb 0a 2a 00 01 c0 a8 01 2a 46 a1 83 e0 00 00 00 97 0e cb cd 9d 50 10 10 00 fc 8c 00 00 54 4f 4f 4c 53 20 30 20 70 69 6e 67 20 0d 0a
NIE7 pc=00045d74 CBufferList::Putn r0=0c69a2e8 r1=0cd1f5e4 r2=0000000f r3=0cd1824c sp=0cc8257c lr=6009c7b0
NIE7 pc=00134fdc TNewScriptEndpointClient::DoOutput r0=0c699d28 r1=0ce2803c r2=0cd0e4f0 r3=0ce28044 sp=0cd0e4f0 lr=00139010
NIE7 pc=00135440 TNewScriptEndpointClient::OutputData r0=0c699d28 r1=0ce2803c r2=00000003 r3=00000000 sp=0cd0e4a8 lr=00135220
NIE7 pc=00382bbc TEndpoint::nSnd(raw) r0=0c69a0c4 r1=0c6991cc r2=0cd0e468 r3=00000001 sp=0cd0e45c lr=00135560
NIE7 pc=00383854 PConnectionEnd::PutBytesStart r0=0cd1d30c r1=0c69a448 r2=0cd1d4e4 r3=00008269 sp=0cc82640 lr=00072980
NIE7 pc=00046298 CBufferList::GetSize r0=0c69a448 r1=0c69a448 r2=ffffffff r3=ffffffff sp=0cc82528 lr=6008ad30
TCPDIAG native SendBuffer r1=0cd19f28 r2=71
TCPDIAG native SendPacket addr=0cd19f28 size=71
TCPDIAG native frame 00 fa c0 a8 01 01 58 b0 35 77 d7 22 08 00 45 00 00 39 00 5e 00 00 40 06 ae 64 c0 a8 01 2a 0a 2a 00 01 83 e0 46 a1 0e cb cd 9d 00 00 00 97 50 10 10 00 b7 ec 00 00 30 0d 0a 72 65 73 75 6c 74 0d 0a 70 6f 6e 67 0d 0a
TCPDIAG state=kStateConnectedWaitACK size=71 iptotal=57 iphdr=20 tcphdr=20 payload=17 flags=0x010 seq=248237469 ack=151 src=33760 dst=18081
TCPDIAG host-send requested=17 sent=17 errno=0
NIE7 pc=00046298 CBufferList::GetSize r0=0c69a448 r1=00010024 r2=0cd215f4 r3=0cd21a13 sp=0cc82618 lr=6009be90
NIE7 pc=00046298 CBufferList::GetSize r0=0c69a2e8 r1=0c69a2e8 r2=00010064 r3=00008269 sp=0cc82620 lr=6009c4b8
NIE7 pc=00135904 TNewScriptEndpointClient::SndComplete r0=0c699d28 r1=0cd0e958 r2=0001f26c r3=0cd0e958 sp=0cd0e8c4 lr=001386e4
NIE7 pc=00134fdc TNewScriptEndpointClient::DoOutput r0=0c699d28 r1=0ce2800c r2=0cd0e514 r3=0ce28014 sp=0cd0e514 lr=00139010
NIE7 pc=00135440 TNewScriptEndpointClient::OutputData r0=0c699d28 r1=0ce2800c r2=00000003 r3=00000000 sp=0cd0e4cc lr=00135220
NIE7 pc=00382bbc TEndpoint::nSnd(raw) r0=0c69a0c4 r1=0c697990 r2=0cd0e48c r3=00000001 sp=0cd0e480 lr=00135560
NIE7 pc=00383854 PConnectionEnd::PutBytesStart r0=0cd1d30c r1=0c69a448 r2=0cd1d4e4 r3=00008269 sp=0cc82640 lr=00072980
NIE7 pc=00046298 CBufferList::GetSize r0=0c69a448 r1=0c69a448 r2=ffffffff r3=ffffffff sp=0cc82528 lr=6008ad30
TCPDIAG native SendBuffer r1=0cd19f28 r2=60
TCPDIAG native SendPacket addr=0cd19f28 size=60
TCPDIAG native frame 00 fa c0 a8 01 01 58 b0 35 77 d7 22 08 00 45 00 00 2e 00 5f 00 00 40 06 ae 6e c0 a8 01 2a 0a 2a 00 01 83 e0 46 a1 0e cb cd ae 00 00 00 97 50 10 10 00 82 99 00 00 50 4f 4c 4c 0d 0a
TCPDIAG state=kStateConnected size=60 iptotal=46 iphdr=20 tcphdr=20 payload=6 flags=0x010 seq=248237486 ack=151 src=33760 dst=18081
TCPDIAG host-send requested=6 sent=6 errno=0
NIE7 pc=00046298 CBufferList::GetSize r0=0c69a448 r1=00010064 r2=0cd215f4 r3=0cd21a13 sp=0cc82618 lr=6009be90
NIE7 pc=00135904 TNewScriptEndpointClient::SndComplete r0=0c699d28 r1=0cd0e958 r2=0001f26c r3=0cd0e958 sp=0cd0e8c4 lr=001386e4
TCPDIAG native SendBuffer r1=0cd19f28 r2=54
TCPDIAG native SendPacket addr=0cd19f28 size=54
TCPDIAG native frame 00 fa c0 a8 01 01 58 b0 35 77 d7 22 08 00 45 00 00 28 00 60 00 00 40 06 ae 73 c0 a8 01 2a 0a 2a 00 01 83 e0 46 a1 0e cb cd b4 00 00 00 a6 50 10 10 00 2c 30 00 00
TCPDIAG state=kStateConnected size=54 iptotal=40 iphdr=20 tcphdr=20 payload=0 flags=0x010 seq=248237492 ack=166 src=33760 dst=18081
TCPDIAG inbound frame 58 b0 35 77 d7 22 00 fa c0 a8 01 01 08 00 45 00 00 28 04 0a 00 00 40 06 aa c9 0a 2a 00 01 c0 a8 01 2a 46 a1 83 e0 00 00 00 a6 0e cb cd ae 50 10 10 00 2c 36 00 00
TCPDIAG inbound frame 58 b0 35 77 d7 22 00 fa c0 a8 01 01 08 00 45 00 00 28 04 0b 00 00 40 06 aa c8 0a 2a 00 01 c0 a8 01 2a 46 a1 83 e0 00 00 00 a6 0e cb cd b4 50 10 10 00 2c 30 00 00
TCPDIAG inbound frame 58 b0 35 77 d7 22 00 fa c0 a8 01 01 08 00 45 00 00 28 03 ef 00 00 40 06 aa e4 0a 2a 00 01 c0 a8 01 2a 46 a1 81 57 00 00 00 bc 0f 4d 9a ce 50 11 10 00 61 06 00 00
TCPDIAG native SendBuffer r1=0cd19f28 r2=54
TCPDIAG native SendPacket addr=0cd19f28 size=54
TCPDIAG native frame 00 fa c0 a8 01 01 58 b0 35 77 d7 22 08 00 45 00 00 28 00 61 00 00 40 06 ae 72 c0 a8 01 2a 0a 2a 00 01 81 57 46 a1 0f 4d 9a ce 00 00 00 bd 50 10 10 00 61 06 00 00
TCPDIAG state=kStatePeerDiscWaitForACK size=54 iptotal=40 iphdr=20 tcphdr=20 payload=0 flags=0x010 seq=256744142 ack=189 src=33111 dst=18081
NIE7 pc=00045d74 CBufferList::Putn r0=0c697c80 r1=0cd205f4 r2=00000000 r3=0cd184b4 sp=0cc8257c lr=6009c7b0
NIE7 pc=00046298 CBufferList::GetSize r0=0c697c80 r1=0c697c80 r2=00010064 r3=000090e9 sp=0cc82620 lr=6009c4b8
TCPDIAG inbound frame 58 b0 35 77 d7 22 00 fa c0 a8 01 01 08 00 45 00 00 37 04 0c 00 00 40 06 aa b8 0a 2a 00 01 c0 a8 01 2a 46 a1 83 e0 00 00 00 a6 0e cb cd b4 50 10 10 00 fc 66 00 00 54 4f 4f 4c 53 20 30 20 70 69 6e 67 20 0d 0a
NIE7 pc=00045d74 CBufferList::Putn r0=0c69a2e8 r1=0cd1f5e4 r2=0000000f r3=0cd1824c sp=0cc8257c lr=6009c7b0
NIE7 pc=00134fdc TNewScriptEndpointClient::DoOutput r0=0c699d28 r1=0ce2803c r2=0cd0e4f0 r3=0ce28044 sp=0cd0e4f0 lr=00139010
NIE7 pc=00135440 TNewScriptEndpointClient::OutputData r0=0c699d28 r1=0ce2803c r2=00000003 r3=00000000 sp=0cd0e4a8 lr=00135220
NIE7 pc=00382bbc TEndpoint::nSnd(raw) r0=0c69a0c4 r1=0c6991e0 r2=0cd0e468 r3=00000001 sp=0cd0e45c lr=00135560
NIE7 pc=00383854 PConnectionEnd::PutBytesStart r0=0cd1d30c r1=0c69a448 r2=0cd1d4e4 r3=00008269 sp=0cc82640 lr=00072980
NIE7 pc=00046298 CBufferList::GetSize r0=0c69a448 r1=0c69a448 r2=ffffffff r3=ffffffff sp=0cc82528 lr=6008ad30
TCPDIAG native SendBuffer r1=0cd19f28 r2=71
TCPDIAG native SendPacket addr=0cd19f28 size=71
TCPDIAG native frame 00 fa c0 a8 01 01 58 b0 35 77 d7 22 08 00 45 00 00 39 00 62 00 00 40 06 ae 60 c0 a8 01 2a 0a 2a 00 01 83 e0 46 a1 0e cb cd b4 00 00 00 a6 50 10 10 00 b7 c6 00 00 30 0d 0a 72 65 73 75 6c 74 0d 0a 70 6f 6e 67 0d 0a
TCPDIAG state=kStateConnectedWaitACK size=71 iptotal=57 iphdr=20 tcphdr=20 payload=17 flags=0x010 seq=248237492 ack=166 src=33760 dst=18081
TCPDIAG host-send requested=17 sent=17 errno=0
NIE7 pc=00046298 CBufferList::GetSize r0=0c69a448 r1=00010024 r2=0cd215f4 r3=0cd21a13 sp=0cc82618 lr=6009be90
NIE7 pc=00046298 CBufferList::GetSize r0=0c69a2e8 r1=0c69a2e8 r2=00010064 r3=00008269 sp=0cc82620 lr=6009c4b8
NIE7 pc=00135904 TNewScriptEndpointClient::SndComplete r0=0c699d28 r1=0cd0e958 r2=0001f26c r3=0cd0e958 sp=0cd0e8c4 lr=001386e4
NIE7 pc=00134fdc TNewScriptEndpointClient::DoOutput r0=0c699d28 r1=0ce2800c r2=0cd0e514 r3=0ce28014 sp=0cd0e514 lr=00139010
NIE7 pc=00135440 TNewScriptEndpointClient::OutputData r0=0c699d28 r1=0ce2800c r2=00000003 r3=00000000 sp=0cd0e4cc lr=00135220
NIE7 pc=00382bbc TEndpoint::nSnd(raw) r0=0c69a0c4 r1=0c6974d4 r2=0cd0e48c r3=00000001 sp=0cd0e480 lr=00135560
NIE7 pc=00383854 PConnectionEnd::PutBytesStart r0=0cd1d30c r1=0c69a448 r2=0cd1d4e4 r3=00008269 sp=0cc82640 lr=00072980
NIE7 pc=00046298 CBufferList::GetSize r0=0c69a448 r1=0c69a448 r2=ffffffff r3=ffffffff sp=0cc82528 lr=6008ad30
TCPDIAG native SendBuffer r1=0cd19f28 r2=60
TCPDIAG native SendPacket addr=0cd19f28 size=60
TCPDIAG native frame 00 fa c0 a8 01 01 58 b0 35 77 d7 22 08 00 45 00 00 2e 00 63 00 00 40 06 ae 6a c0 a8 01 2a 0a 2a 00 01 83 e0 46 a1 0e cb cd c5 00 00 00 a6 50 10 10 00 82 73 00 00 50 4f 4c 4c 0d 0a
TCPDIAG state=kStateConnected size=60 iptotal=46 iphdr=20 tcphdr=20 payload=6 flags=0x010 seq=248237509 ack=166 src=33760 dst=18081
TCPDIAG host-send requested=6 sent=6 errno=0
NIE7 pc=00046298 CBufferList::GetSize r0=0c69a448 r1=00010064 r2=0cd215f4 r3=0cd21a13 sp=0cc82618 lr=6009be90
NIE7 pc=00135904 TNewScriptEndpointClient::SndComplete r0=0c699d28 r1=0cd0e958 r2=0001f26c r3=0cd0e958 sp=0cd0e8c4 lr=001386e4
TCPDIAG native SendBuffer r1=0cd19f28 r2=54
TCPDIAG native SendPacket addr=0cd19f28 size=54
TCPDIAG native frame 00 fa c0 a8 01 01 58 b0 35 77 d7 22 08 00 45 00 00 28 00 64 00 00 40 06 ae 6f c0 a8 01 2a 0a 2a 00 01 83 e0 46 a1 0e cb cd cb 00 00 00 b5 50 10 10 00 2c 0a 00 00
TCPDIAG state=kStateConnected size=54 iptotal=40 iphdr=20 tcphdr=20 payload=0 flags=0x010 seq=248237515 ack=181 src=33760 dst=18081
TCPDIAG inbound frame 58 b0 35 77 d7 22 00 fa c0 a8 01 01 08 00 45 00 00 28 04 0d 00 00 40 06 aa c6 0a 2a 00 01 c0 a8 01 2a 46 a1 83 e0 00 00 00 b5 0e cb cd c5 50 10 10 00 2c 10 00 00
TCPDIAG inbound frame 58 b0 35 77 d7 22 00 fa c0 a8 01 01 08 00 45 00 00 28 04 0e 00 00 40 06 aa c5 0a 2a 00 01 c0 a8 01 2a 46 a1 83 e0 00 00 00 b5 0e cb cd cb 50 10 10 00 2c 0a 00 00
TCPDIAG native SendBuffer r1=0cd19f28 r2=54
TCPDIAG native SendPacket addr=0cd19f28 size=54
TCPDIAG native frame 00 fa c0 a8 01 01 58 b0 35 77 d7 22 08 00 45 00 00 28 00 65 00 00 40 06 ae 6e c0 a8 01 2a 0a 2a 00 01 81 57 46 a1 0f 4d 9a ce 00 00 00 bd 50 11 10 00 61 05 00 00
TCPDIAG state=kStatePeerDiscWaitForFIN size=54 iptotal=40 iphdr=20 tcphdr=20 payload=0 flags=0x011 seq=256744142 ack=189 src=33111 dst=18081
TCPDIAG inbound frame 58 b0 35 77 d7 22 00 fa c0 a8 01 01 08 00 45 00 00 28 03 f0 00 00 40 06 aa e3 0a 2a 00 01 c0 a8 01 2a 46 a1 81 57 00 00 00 bd 0f 4d 9a cf 50 04 10 00 61 11 00 00
TCPDIAG inbound frame 58 b0 35 77 d7 22 00 fa c0 a8 01 01 08 00 45 00 00 37 04 0f 00 00 40 06 aa b5 0a 2a 00 01 c0 a8 01 2a 46 a1 83 e0 00 00 00 b5 0e cb cd cb 50 10 10 00 fc 40 00 00 54 4f 4f 4c 53 20 30 20 70 69 6e 67 20 0d 0a
NIE7 pc=00045d74 CBufferList::Putn r0=0c69a2e8 r1=0cd1f5e4 r2=0000000f r3=0cd1824c sp=0cc8257c lr=6009c7b0
NIE7 pc=00134fdc TNewScriptEndpointClient::DoOutput r0=0c699d28 r1=0ce2803c r2=0cd0e4f0 r3=0ce28044 sp=0cd0e4f0 lr=00139010
NIE7 pc=00135440 TNewScriptEndpointClient::OutputData r0=0c699d28 r1=0ce2803c r2=00000003 r3=00000000 sp=0cd0e4a8 lr=00135220
NIE7 pc=00382bbc TEndpoint::nSnd(raw) r0=0c69a0c4 r1=0c699180 r2=0cd0e468 r3=00000001 sp=0cd0e45c lr=00135560
NIE7 pc=00383854 PConnectionEnd::PutBytesStart r0=0cd1d30c r1=0c69a448 r2=0cd1d4e4 r3=00008269 sp=0cc82640 lr=00072980
NIE7 pc=00046298 CBufferList::GetSize r0=0c69a448 r1=0c69a448 r2=ffffffff r3=ffffffff sp=0cc82528 lr=6008ad30
TCPDIAG native SendBuffer r1=0cd19f28 r2=71
TCPDIAG native SendPacket addr=0cd19f28 size=71
TCPDIAG native frame 00 fa c0 a8 01 01 58 b0 35 77 d7 22 08 00 45 00 00 39 00 66 00 00 40 06 ae 5c c0 a8 01 2a 0a 2a 00 01 83 e0 46 a1 0e cb cd cb 00 00 00 b5 50 10 10 00 b7 a0 00 00 30 0d 0a 72 65 73 75 6c 74 0d 0a 70 6f 6e 67 0d 0a
TCPDIAG state=kStateConnectedWaitACK size=71 iptotal=57 iphdr=20 tcphdr=20 payload=17 flags=0x010 seq=248237515 ack=181 src=33760 dst=18081
TCPDIAG host-send requested=17 sent=17 errno=0
NIE7 pc=00046298 CBufferList::GetSize r0=0c69a448 r1=00010024 r2=0cd215f4 r3=0cd21a13 sp=0cc82618 lr=6009be90
NIE7 pc=00046298 CBufferList::GetSize r0=0c69a2e8 r1=0c69a2e8 r2=00010064 r3=00008269 sp=0cc82620 lr=6009c4b8
NIE7 pc=00135904 TNewScriptEndpointClient::SndComplete r0=0c699d28 r1=0cd0e958 r2=0001f26c r3=0cd0e958 sp=0cd0e8c4 lr=001386e4
NIE7 pc=00134fdc TNewScriptEndpointClient::DoOutput r0=0c699d28 r1=0ce2800c r2=0cd0e514 r3=0ce28014 sp=0cd0e514 lr=00139010
NIE7 pc=00135440 TNewScriptEndpointClient::OutputData r0=0c699d28 r1=0ce2800c r2=00000003 r3=00000000 sp=0cd0e4cc lr=00135220
NIE7 pc=00382bbc TEndpoint::nSnd(raw) r0=0c69a0c4 r1=0c6974d4 r2=0cd0e48c r3=00000001 sp=0cd0e480 lr=00135560
NIE7 pc=00383854 PConnectionEnd::PutBytesStart r0=0cd1d30c r1=0c69a448 r2=0cd1d4e4 r3=00008269 sp=0cc82640 lr=00072980
NIE7 pc=00046298 CBufferList::GetSize r0=0c69a448 r1=0c69a448 r2=ffffffff r3=ffffffff sp=0cc82528 lr=6008ad30
TCPDIAG native SendBuffer r1=0cd19f28 r2=60
TCPDIAG native SendPacket addr=0cd19f28 size=60
TCPDIAG native frame 00 fa c0 a8 01 01 58 b0 35 77 d7 22 08 00 45 00 00 2e 00 67 00 00 40 06 ae 66 c0 a8 01 2a 0a 2a 00 01 83 e0 46 a1 0e cb cd dc 00 00 00 b5 50 10 10 00 82 4d 00 00 50 4f 4c 4c 0d 0a
TCPDIAG state=kStateConnected size=60 iptotal=46 iphdr=20 tcphdr=20 payload=6 flags=0x010 seq=248237532 ack=181 src=33760 dst=18081
TCPDIAG host-send requested=6 sent=6 errno=0
NIE7 pc=00046298 CBufferList::GetSize r0=0c69a448 r1=00010064 r2=0cd215f4 r3=0cd21a13 sp=0cc82618 lr=6009be90
NIE7 pc=00135904 TNewScriptEndpointClient::SndComplete r0=0c699d28 r1=0cd0e958 r2=0001f26c r3=0cd0e958 sp=0cd0e8c4 lr=001386e4
TCPDIAG native SendBuffer r1=0cd19f28 r2=54
TCPDIAG native SendPacket addr=0cd19f28 size=54
TCPDIAG native frame 00 fa c0 a8 01 01 58 b0 35 77 d7 22 08 00 45 00 00 28 00 68 00 00 40 06 ae 6b c0 a8 01 2a 0a 2a 00 01 83 e0 46 a1 0e cb cd e2 00 00 00 c4 50 10 10 00 2b e4 00 00
TCPDIAG state=kStateConnected size=54 iptotal=40 iphdr=20 tcphdr=20 payload=0 flags=0x010 seq=248237538 ack=196 src=33760 dst=18081
TCPDIAG inbound frame 58 b0 35 77 d7 22 00 fa c0 a8 01 01 08 00 45 00 00 28 04 10 00 00 40 06 aa c3 0a 2a 00 01 c0 a8 01 2a 46 a1 83 e0 00 00 00 c4 0e cb cd dc 50 10 10 00 2b ea 00 00
[emulator-control] 10.89.10.7 "GET /screen.png HTTP/1.1" 200 -
TCPDIAG inbound frame 58 b0 35 77 d7 22 00 fa c0 a8 01 01 08 00 45 00 00 28 04 11 00 00 40 06 aa c2 0a 2a 00 01 c0 a8 01 2a 46 a1 83 e0 00 00 00 c4 0e cb cd e2 50 10 10 00 2b e4 00 00
TCPDIAG native SendBuffer r1=0cd19f28 r2=58
TCPDIAG native SendPacket addr=0cd19f28 size=58
TCPDIAG native frame 00 fa c0 a8 01 01 58 b0 35 77 d7 22 08 00 45 00 00 2c 00 69 00 00 40 06 ae 66 c0 a8 01 2a 0a 2a 00 01 81 df 46 a1 0f 68 f7 10 00 00 00 00 60 02 10 00 ed 2f 00 00 02 04 05 b4
TCPDIAG state=kStateDisconnected size=58 iptotal=44 iphdr=20 tcphdr=24 payload=0 flags=0x002 seq=258537232 ack=0 src=33247 dst=18081
TCPDIAG inbound frame 58 b0 35 77 d7 22 00 fa c0 a8 01 01 08 00 45 00 00 2c 03 e8 00 00 40 06 aa e7 0a 2a 00 01 c0 a8 01 2a 46 a1 81 df 00 00 00 00 0f 68 f7 11 60 12 10 00 ed 1e 00 00 02 04 05 b4
TCPDIAG native SendBuffer r1=0cd19f28 r2=54
TCPDIAG native SendPacket addr=0cd19f28 size=54
TCPDIAG native frame 00 fa c0 a8 01 01 58 b0 35 77 d7 22 08 00 45 00 00 28 00 6a 00 00 40 06 ae 69 c0 a8 01 2a 0a 2a 00 01 81 df 46 a1 0f 68 f7 11 00 00 00 01 50 10 10 00 04 dc 00 00
TCPDIAG state=kStateConnectionWaitACK size=54 iptotal=40 iphdr=20 tcphdr=20 payload=0 flags=0x010 seq=258537233 ack=1 src=33247 dst=18081
NIE7 pc=00134fdc TNewScriptEndpointClient::DoOutput r0=0c697880 r1=0ce8b014 r2=0cced554 r3=0ce8b01c sp=0cced554 lr=00139010
NIE7 pc=00135440 TNewScriptEndpointClient::OutputData r0=0c697880 r1=0ce8b014 r2=00000003 r3=00000000 sp=0cced50c lr=00135220
NIE7 pc=00382bbc TEndpoint::nSnd(raw) r0=0c697bb8 r1=0c69bf64 r2=0cced4cc r3=00000001 sp=0cced4c0 lr=00135560
NIE7 pc=00046298 CBufferList::GetSize r0=0c6977f8 r1=0c6977f8 r2=00010064 r3=00009329 sp=0cc82620 lr=6009c4b8
NIE7 pc=00383854 PConnectionEnd::PutBytesStart r0=0cd1e61c r1=0c697f08 r2=0cd1e7f4 r3=00009329 sp=0cc82640 lr=00072980
NIE7 pc=00046298 CBufferList::GetSize r0=0c697f08 r1=0c697f08 r2=ffffffff r3=ffffffff sp=0cc82528 lr=6008ad30
TCPDIAG native SendBuffer r1=0cd19f28 r2=1514
TCPDIAG native SendPacket addr=0cd19f28 size=1514
TCPDIAG state=kStateConnected size=1514 iptotal=1500 iphdr=20 tcphdr=20 payload=1460 flags=0x010 seq=258537233 ack=1 src=33247 dst=18081
TCPDIAG host-send requested=1460 sent=1460 errno=0
TCPDIAG native SendBuffer r1=0cd19f28 r2=1514
TCPDIAG native SendPacket addr=0cd19f28 size=1514
TCPDIAG state=kStateConnected size=1514 iptotal=1500 iphdr=20 tcphdr=20 payload=1460 flags=0x010 seq=258538693 ack=1 src=33247 dst=18081
TCPDIAG host-send requested=1460 sent=1460 errno=0
NIE7 pc=00046298 CBufferList::GetSize r0=0c697f08 r1=00010064 r2=0cd23328 r3=0cd23747 sp=0cc82618 lr=6009be90
NIE7 pc=00135904 TNewScriptEndpointClient::SndComplete r0=0c697880 r1=0cced958 r2=0001f26c r3=0cced958 sp=0cced8c4 lr=001386e4
TCPDIAG inbound frame 58 b0 35 77 d7 22 00 fa c0 a8 01 01 08 00 45 00 00 28 03 e9 00 00 40 06 aa ea 0a 2a 00 01 c0 a8 01 2a 46 a1 81 df 00 00 00 01 0f 68 fc c5 50 10 10 00 ff 27 00 00
TCPDIAG native SendBuffer r1=0cd19f28 r2=1514
TCPDIAG native SendPacket addr=0cd19f28 size=1514
TCPDIAG state=kStateConnected size=1514 iptotal=1500 iphdr=20 tcphdr=20 payload=1460 flags=0x010 seq=258540153 ack=1 src=33247 dst=18081
TCPDIAG host-send requested=1460 sent=1460 errno=0
TCPDIAG inbound frame 58 b0 35 77 d7 22 00 fa c0 a8 01 01 08 00 45 00 00 28 03 ea 00 00 40 06 aa e9 0a 2a 00 01 c0 a8 01 2a 46 a1 81 df 00 00 00 01 0f 69 02 79 50 10 10 00 f9 73 00 00
TCPDIAG native SendBuffer r1=0cd19f28 r2=1514
TCPDIAG native SendPacket addr=0cd19f28 size=1514
TCPDIAG state=kStateConnected size=1514 iptotal=1500 iphdr=20 tcphdr=20 payload=1460 flags=0x010 seq=258541613 ack=1 src=33247 dst=18081
TCPDIAG host-send requested=1460 sent=1460 errno=0
TCPDIAG native SendBuffer r1=0cd19f28 r2=1125
TCPDIAG native SendPacket addr=0cd19f28 size=1125
TCPDIAG state=kStateConnected size=1125 iptotal=1111 iphdr=20 tcphdr=20 payload=1071 flags=0x010 seq=258543073 ack=1 src=33247 dst=18081
TCPDIAG host-send requested=1071 sent=1071 errno=0
TCPDIAG inbound frame 58 b0 35 77 d7 22 00 fa c0 a8 01 01 08 00 45 00 00 28 03 eb 00 00 40 06 aa e8 0a 2a 00 01 c0 a8 01 2a 46 a1 81 df 00 00 00 01 0f 69 08 2d 50 10 10 00 f3 bf 00 00
TCPDIAG inbound frame 58 b0 35 77 d7 22 00 fa c0 a8 01 01 08 00 45 00 00 28 03 ec 00 00 40 06 aa e7 0a 2a 00 01 c0 a8 01 2a 46 a1 81 df 00 00 00 01 0f 69 0d e1 50 10 10 00 ee 0b 00 00
TCPDIAG inbound frame 58 b0 35 77 d7 22 00 fa c0 a8 01 01 08 00 45 00 00 28 03 ed 00 00 40 06 aa e6 0a 2a 00 01 c0 a8 01 2a 46 a1 81 df 00 00 00 01 0f 69 12 10 50 10 10 00 e9 dc 00 00
NIE7 pc=00045d74 CBufferList::Putn r0=0c6977f8 r1=0cd205f4 r2=000000bb r3=0cd184b4 sp=0cc8257c lr=6009c7b0
NIE7 pc=00046298 CBufferList::GetSize r0=0c6977f8 r1=0c6977f8 r2=00010064 r3=00009329 sp=0cc82620 lr=6009c4b8
TCPDIAG native SendBuffer r1=0cd19f28 r2=54
TCPDIAG native SendPacket addr=0cd19f28 size=54
TCPDIAG native frame 00 fa c0 a8 01 01 58 b0 35 77 d7 22 08 00 45 00 00 28 00 70 00 00 40 06 ae 63 c0 a8 01 2a 0a 2a 00 01 81 df 46 a1 0f 69 12 10 00 00 00 bc 50 10 10 00 e9 21 00 00
TCPDIAG state=kStateConnectedWaitACK size=54 iptotal=40 iphdr=20 tcphdr=20 payload=0 flags=0x010 seq=258544144 ack=188 src=33247 dst=18081
TCPDIAG inbound frame 58 b0 35 77 d7 22 00 fa c0 a8 01 01 08 00 45 00 00 28 03 ef 00 00 40 06 aa e4 0a 2a 00 01 c0 a8 01 2a 46 a1 81 df 00 00 00 bc 0f 69 12 10 50 11 10 00 e9 20 00 00
TCPDIAG native SendBuffer r1=0cd19f28 r2=54
TCPDIAG native SendPacket addr=0cd19f28 size=54
TCPDIAG native frame 00 fa c0 a8 01 01 58 b0 35 77 d7 22 08 00 45 00 00 28 00 71 00 00 40 06 ae 62 c0 a8 01 2a 0a 2a 00 01 81 df 46 a1 0f 69 12 10 00 00 00 bd 50 10 10 00 e9 20 00 00
TCPDIAG state=kStatePeerDiscWaitForACK size=54 iptotal=40 iphdr=20 tcphdr=20 payload=0 flags=0x010 seq=258544144 ack=189 src=33247 dst=18081
NIE7 pc=00045d74 CBufferList::Putn r0=0c6977f8 r1=0cd205f4 r2=00000000 r3=0cd184b4 sp=0cc8257c lr=6009c7b0
NIE7 pc=00046298 CBufferList::GetSize r0=0c6977f8 r1=0c6977f8 r2=00010064 r3=00009329 sp=0cc82620 lr=6009c4b8
TCPDIAG inbound frame 58 b0 35 77 d7 22 00 fa c0 a8 01 01 08 00 45 00 00 37 04 12 00 00 40 06 aa b2 0a 2a 00 01 c0 a8 01 2a 46 a1 83 e0 00 00 00 c4 0e cb cd e2 50 10 10 00 fc 1a 00 00 54 4f 4f 4c 53 20 30 20 70 69 6e 67 20 0d 0a
NIE7 pc=00045d74 CBufferList::Putn r0=0c69a2e8 r1=0cd1f5e4 r2=0000000f r3=0cd1824c sp=0cc8257c lr=6009c7b0
NIE7 pc=00134fdc TNewScriptEndpointClient::DoOutput r0=0c699d28 r1=0ce8b03c r2=0cced4f0 r3=0ce8b044 sp=0cced4f0 lr=00139010
NIE7 pc=00135440 TNewScriptEndpointClient::OutputData r0=0c699d28 r1=0ce8b03c r2=00000003 r3=00000000 sp=0cced4a8 lr=00135220
NIE7 pc=00382bbc TEndpoint::nSnd(raw) r0=0c69a0c4 r1=0c699198 r2=0cced468 r3=00000001 sp=0cced45c lr=00135560
NIE7 pc=00383854 PConnectionEnd::PutBytesStart r0=0cd1d30c r1=0c69a448 r2=0cd1d4e4 r3=00008269 sp=0cc82640 lr=00072980
NIE7 pc=00046298 CBufferList::GetSize r0=0c69a448 r1=0c69a448 r2=ffffffff r3=ffffffff sp=0cc82528 lr=6008ad30
TCPDIAG native SendBuffer r1=0cd19f28 r2=71
TCPDIAG native SendPacket addr=0cd19f28 size=71
TCPDIAG native frame 00 fa c0 a8 01 01 58 b0 35 77 d7 22 08 00 45 00 00 39 00 72 00 00 40 06 ae 50 c0 a8 01 2a 0a 2a 00 01 83 e0 46 a1 0e cb cd e2 00 00 00 c4 50 10 10 00 b7 7a 00 00 30 0d 0a 72 65 73 75 6c 74 0d 0a 70 6f 6e 67 0d 0a
TCPDIAG state=kStateConnectedWaitACK size=71 iptotal=57 iphdr=20 tcphdr=20 payload=17 flags=0x010 seq=248237538 ack=196 src=33760 dst=18081
TCPDIAG host-send requested=17 sent=17 errno=0
NIE7 pc=00046298 CBufferList::GetSize r0=0c69a448 r1=00010024 r2=0cd215f4 r3=0cd21a13 sp=0cc82618 lr=6009be90
NIE7 pc=00046298 CBufferList::GetSize r0=0c69a2e8 r1=0c69a2e8 r2=00010064 r3=00008269 sp=0cc82620 lr=6009c4b8
NIE7 pc=00135904 TNewScriptEndpointClient::SndComplete r0=0c699d28 r1=0cced958 r2=0001f26c r3=0cced958 sp=0cced8c4 lr=001386e4
NIE7 pc=00134fdc TNewScriptEndpointClient::DoOutput r0=0c699d28 r1=0ce8b00c r2=0cced514 r3=0ce8b014 sp=0cced514 lr=00139010
NIE7 pc=00135440 TNewScriptEndpointClient::OutputData r0=0c699d28 r1=0ce8b00c r2=00000003 r3=00000000 sp=0cced4cc lr=00135220
NIE7 pc=00382bbc TEndpoint::nSnd(raw) r0=0c69a0c4 r1=0c697d5c r2=0cced48c r3=00000001 sp=0cced480 lr=00135560
NIE7 pc=00383854 PConnectionEnd::PutBytesStart r0=0cd1d30c r1=0c69a448 r2=0cd1d4e4 r3=00008269 sp=0cc82640 lr=00072980
NIE7 pc=00046298 CBufferList::GetSize r0=0c69a448 r1=0c69a448 r2=ffffffff r3=ffffffff sp=0cc82528 lr=6008ad30
TCPDIAG native SendBuffer r1=0cd19f28 r2=60
TCPDIAG native SendPacket addr=0cd19f28 size=60
TCPDIAG native frame 00 fa c0 a8 01 01 58 b0 35 77 d7 22 08 00 45 00 00 2e 00 73 00 00 40 06 ae 5a c0 a8 01 2a 0a 2a 00 01 83 e0 46 a1 0e cb cd f3 00 00 00 c4 50 10 10 00 82 27 00 00 50 4f 4c 4c 0d 0a
TCPDIAG state=kStateConnected size=60 iptotal=46 iphdr=20 tcphdr=20 payload=6 flags=0x010 seq=248237555 ack=196 src=33760 dst=18081
TCPDIAG host-send requested=6 sent=6 errno=0
NIE7 pc=00046298 CBufferList::GetSize r0=0c69a448 r1=00010064 r2=0cd215f4 r3=0cd21a13 sp=0cc82618 lr=6009be90
NIE7 pc=00135904 TNewScriptEndpointClient::SndComplete r0=0c699d28 r1=0cced958 r2=0001f26c r3=0cced958 sp=0cced8c4 lr=001386e4
TCPDIAG inbound frame 58 b0 35 77 d7 22 00 fa c0 a8 01 01 08 00 45 00 00 28 04 13 00 00 40 06 aa c0 0a 2a 00 01 c0 a8 01 2a 46 a1 83 e0 00 00 00 d3 0e cb cd f3 50 10 10 00 2b c4 00 00
TCPDIAG native SendBuffer r1=0cd19f28 r2=54
TCPDIAG native SendPacket addr=0cd19f28 size=54
TCPDIAG native frame 00 fa c0 a8 01 01 58 b0 35 77 d7 22 08 00 45 00 00 28 00 74 00 00 40 06 ae 5f c0 a8 01 2a 0a 2a 00 01 83 e0 46 a1 0e cb cd f9 00 00 00 d3 50 10 10 00 2b be 00 00
TCPDIAG state=kStateConnected size=54 iptotal=40 iphdr=20 tcphdr=20 payload=0 flags=0x010 seq=248237561 ack=211 src=33760 dst=18081
TCPDIAG inbound frame 58 b0 35 77 d7 22 00 fa c0 a8 01 01 08 00 45 00 00 28 04 14 00 00 40 06 aa bf 0a 2a 00 01 c0 a8 01 2a 46 a1 83 e0 00 00 00 d3 0e cb cd f9 50 10 10 00 2b be 00 00
[emulator-control] 127.0.0.1 "GET /health HTTP/1.1" 200 -
TCPDIAG native SendBuffer r1=0cd19f28 r2=54
TCPDIAG native SendPacket addr=0cd19f28 size=54
TCPDIAG native frame 00 fa c0 a8 01 01 58 b0 35 77 d7 22 08 00 45 00 00 28 00 75 00 00 40 06 ae 5e c0 a8 01 2a 0a 2a 00 01 81 df 46 a1 0f 69 12 10 00 00 00 bd 50 11 10 00 e9 1f 00 00
TCPDIAG state=kStatePeerDiscWaitForFIN size=54 iptotal=40 iphdr=20 tcphdr=20 payload=0 flags=0x011 seq=258544144 ack=189 src=33247 dst=18081
TCPDIAG inbound frame 58 b0 35 77 d7 22 00 fa c0 a8 01 01 08 00 45 00 00 28 03 f0 00 00 40 06 aa e3 0a 2a 00 01 c0 a8 01 2a 46 a1 81 df 00 00 00 bd 0f 69 12 11 50 04 10 00 e9 2b 00 00
TCPDIAG inbound frame 58 b0 35 77 d7 22 00 fa c0 a8 01 01 08 00 45 00 00 37 04 15 00 00 40 06 aa af 0a 2a 00 01 c0 a8 01 2a 46 a1 83 e0 00 00 00 d3 0e cb cd f9 50 10 10 00 fb f4 00 00 54 4f 4f 4c 53 20 30 20 70 69 6e 67 20 0d 0a
NIE7 pc=00045d74 CBufferList::Putn r0=0c69a2e8 r1=0cd1f5e4 r2=0000000f r3=0cd1824c sp=0cc8257c lr=6009c7b0
NIE7 pc=00134fdc TNewScriptEndpointClient::DoOutput r0=0c699d28 r1=0ce8b03c r2=0cced4f0 r3=0ce8b044 sp=0cced4f0 lr=00139010
NIE7 pc=00135440 TNewScriptEndpointClient::OutputData r0=0c699d28 r1=0ce8b03c r2=00000003 r3=00000000 sp=0cced4a8 lr=00135220
NIE7 pc=00382bbc TEndpoint::nSnd(raw) r0=0c69a0c4 r1=0c698fa0 r2=0cced468 r3=00000001 sp=0cced45c lr=00135560
NIE7 pc=00383854 PConnectionEnd::PutBytesStart r0=0cd1d30c r1=0c69a448 r2=0cd1d4e4 r3=00008269 sp=0cc82640 lr=00072980
NIE7 pc=00046298 CBufferList::GetSize r0=0c69a448 r1=0c69a448 r2=ffffffff r3=ffffffff sp=0cc82528 lr=6008ad30
TCPDIAG native SendBuffer r1=0cd19f28 r2=71
TCPDIAG native SendPacket addr=0cd19f28 size=71
TCPDIAG native frame 00 fa c0 a8 01 01 58 b0 35 77 d7 22 08 00 45 00 00 39 00 76 00 00 40 06 ae 4c c0 a8 01 2a 0a 2a 00 01 83 e0 46 a1 0e cb cd f9 00 00 00 d3 50 10 10 00 b7 54 00 00 30 0d 0a 72 65 73 75 6c 74 0d 0a 70 6f 6e 67 0d 0a
TCPDIAG state=kStateConnectedWaitACK size=71 iptotal=57 iphdr=20 tcphdr=20 payload=17 flags=0x010 seq=248237561 ack=211 src=33760 dst=18081
TCPDIAG host-send requested=17 sent=17 errno=0
NIE7 pc=00046298 CBufferList::GetSize r0=0c69a448 r1=00010024 r2=0cd215f4 r3=0cd21a13 sp=0cc82618 lr=6009be90
NIE7 pc=00046298 CBufferList::GetSize r0=0c69a2e8 r1=0c69a2e8 r2=00010064 r3=00008269 sp=0cc82620 lr=6009c4b8
NIE7 pc=00135904 TNewScriptEndpointClient::SndComplete r0=0c699d28 r1=0cced958 r2=0001f26c r3=0cced958 sp=0cced8c4 lr=001386e4
NIE7 pc=00134fdc TNewScriptEndpointClient::DoOutput r0=0c699d28 r1=0ce8b00c r2=0cced514 r3=0ce8b014 sp=0cced514 lr=00139010
NIE7 pc=00135440 TNewScriptEndpointClient::OutputData r0=0c699d28 r1=0ce8b00c r2=00000003 r3=00000000 sp=0cced4cc lr=00135220
NIE7 pc=00382bbc TEndpoint::nSnd(raw) r0=0c69a0c4 r1=0c697d5c r2=0cced48c r3=00000001 sp=0cced480 lr=00135560
NIE7 pc=00383854 PConnectionEnd::PutBytesStart r0=0cd1d30c r1=0c69a448 r2=0cd1d4e4 r3=00008269 sp=0cc82640 lr=00072980
NIE7 pc=00046298 CBufferList::GetSize r0=0c69a448 r1=0c69a448 r2=ffffffff r3=ffffffff sp=0cc82528 lr=6008ad30
TCPDIAG native SendBuffer r1=0cd19f28 r2=60
TCPDIAG native SendPacket addr=0cd19f28 size=60
TCPDIAG native frame 00 fa c0 a8 01 01 58 b0 35 77 d7 22 08 00 45 00 00 2e 00 77 00 00 40 06 ae 56 c0 a8 01 2a 0a 2a 00 01 83 e0 46 a1 0e cb ce 0a 00 00 00 d3 50 10 10 00 82 01 00 00 50 4f 4c 4c 0d 0a
TCPDIAG state=kStateConnected size=60 iptotal=46 iphdr=20 tcphdr=20 payload=6 flags=0x010 seq=248237578 ack=211 src=33760 dst=18081
TCPDIAG host-send requested=6 sent=6 errno=0
NIE7 pc=00046298 CBufferList::GetSize r0=0c69a448 r1=00010064 r2=0cd215f4 r3=0cd21a13 sp=0cc82618 lr=6009be90
NIE7 pc=00135904 TNewScriptEndpointClient::SndComplete r0=0c699d28 r1=0cced958 r2=0001f26c r3=0cced958 sp=0cced8c4 lr=001386e4
TCPDIAG inbound frame 58 b0 35 77 d7 22 00 fa c0 a8 01 01 08 00 45 00 00 28 04 16 00 00 40 06 aa bd 0a 2a 00 01 c0 a8 01 2a 46 a1 83 e0 00 00 00 e2 0e cb ce 0a 50 10 10 00 2b 9e 00 00
TCPDIAG native SendBuffer r1=0cd19f28 r2=54
TCPDIAG native SendPacket addr=0cd19f28 size=54
TCPDIAG native frame 00 fa c0 a8 01 01 58 b0 35 77 d7 22 08 00 45 00 00 28 00 78 00 00 40 06 ae 5b c0 a8 01 2a 0a 2a 00 01 83 e0 46 a1 0e cb ce 10 00 00 00 e2 50 10 10 00 2b 98 00 00
TCPDIAG state=kStateConnected size=54 iptotal=40 iphdr=20 tcphdr=20 payload=0 flags=0x010 seq=248237584 ack=226 src=33760 dst=18081
TCPDIAG inbound frame 58 b0 35 77 d7 22 00 fa c0 a8 01 01 08 00 45 00 00 28 04 17 00 00 40 06 aa bc 0a 2a 00 01 c0 a8 01 2a 46 a1 83 e0 00 00 00 e2 0e cb ce 10 50 10 10 00 2b 98 00 00
TCPDIAG native SendBuffer r1=0cd19f28 r2=58
TCPDIAG native SendPacket addr=0cd19f28 size=58
TCPDIAG native frame 00 fa c0 a8 01 01 58 b0 35 77 d7 22 08 00 45 00 00 2c 00 79 00 00 40 06 ae 56 c0 a8 01 2a 0a 2a 00 01 82 67 46 a1 0f 80 ff 68 00 00 00 00 60 02 10 00 e4 37 00 00 02 04 05 b4
TCPDIAG state=kStateDisconnected size=58 iptotal=44 iphdr=20 tcphdr=24 payload=0 flags=0x002 seq=260112232 ack=0 src=33383 dst=18081
TCPDIAG inbound frame 58 b0 35 77 d7 22 00 fa c0 a8 01 01 08 00 45 00 00 2c 03 e8 00 00 40 06 aa e7 0a 2a 00 01 c0 a8 01 2a 46 a1 82 67 00 00 00 00 0f 80 ff 69 60 12 10 00 e4 26 00 00 02 04 05 b4
TCPDIAG native SendBuffer r1=0cd19f28 r2=54
TCPDIAG native SendPacket addr=0cd19f28 size=54
TCPDIAG native frame 00 fa c0 a8 01 01 58 b0 35 77 d7 22 08 00 45 00 00 28 00 7a 00 00 40 06 ae 59 c0 a8 01 2a 0a 2a 00 01 82 67 46 a1 0f 80 ff 69 00 00 00 01 50 10 10 00 fb e3 00 00
TCPDIAG state=kStateConnectionWaitACK size=54 iptotal=40 iphdr=20 tcphdr=20 payload=0 flags=0x010 seq=260112233 ack=1 src=33383 dst=18081
NIE7 pc=00134fdc TNewScriptEndpointClient::DoOutput r0=0c6976f8 r1=0ce28014 r2=0cd0e554 r3=0ce2801c sp=0cd0e554 lr=00139010
NIE7 pc=00135440 TNewScriptEndpointClient::OutputData r0=0c6976f8 r1=0ce28014 r2=00000003 r3=00000000 sp=0cd0e50c lr=00135220
NIE7 pc=00382bbc TEndpoint::nSnd(raw) r0=0c697880 r1=0c69bb54 r2=0cd0e4cc r3=00000001 sp=0cd0e4c0 lr=00135560
NIE7 pc=00046298 CBufferList::GetSize r0=0c697bf8 r1=0c697bf8 r2=00010064 r3=00009569 sp=0cc82620 lr=6009c4b8
NIE7 pc=00383854 PConnectionEnd::PutBytesStart r0=0cd1e61c r1=0c697f30 r2=0cd1e7f4 r3=00009569 sp=0cc82640 lr=00072980
NIE7 pc=00046298 CBufferList::GetSize r0=0c697f30 r1=0c697f30 r2=ffffffff r3=ffffffff sp=0cc82528 lr=6008ad30
TCPDIAG native SendBuffer r1=0cd19f28 r2=1514
TCPDIAG native SendPacket addr=0cd19f28 size=1514
TCPDIAG state=kStateConnected size=1514 iptotal=1500 iphdr=20 tcphdr=20 payload=1460 flags=0x010 seq=260112233 ack=1 src=33383 dst=18081
TCPDIAG host-send requested=1460 sent=1460 errno=0
TCPDIAG native SendBuffer r1=0cd19f28 r2=1514
TCPDIAG native SendPacket addr=0cd19f28 size=1514
TCPDIAG state=kStateConnected size=1514 iptotal=1500 iphdr=20 tcphdr=20 payload=1460 flags=0x010 seq=260113693 ack=1 src=33383 dst=18081
TCPDIAG host-send requested=1460 sent=1460 errno=0
TCPDIAG native SendBuffer r1=0cd19f28 r2=870
TCPDIAG native SendPacket addr=0cd19f28 size=870
TCPDIAG state=kStateConnected size=870 iptotal=856 iphdr=20 tcphdr=20 payload=816 flags=0x010 seq=260115153 ack=1 src=33383 dst=18081
TCPDIAG host-send requested=816 sent=816 errno=0
NIE7 pc=00046298 CBufferList::GetSize r0=0c697f30 r1=00010064 r2=0cd22610 r3=0cd22a2f sp=0cc82618 lr=6009be90
NIE7 pc=00135904 TNewScriptEndpointClient::SndComplete r0=0c6976f8 r1=0cd0e958 r2=0001f26c r3=0cd0e958 sp=0cd0e8c4 lr=001386e4
TCPDIAG inbound frame 58 b0 35 77 d7 22 00 fa c0 a8 01 01 08 00 45 00 00 28 03 e9 00 00 40 06 aa ea 0a 2a 00 01 c0 a8 01 2a 46 a1 82 67 00 00 00 01 0f 81 05 1d 50 10 10 00 f6 2f 00 00
TCPDIAG inbound frame 58 b0 35 77 d7 22 00 fa c0 a8 01 01 08 00 45 00 00 28 03 ea 00 00 40 06 aa e9 0a 2a 00 01 c0 a8 01 2a 46 a1 82 67 00 00 00 01 0f 81 0a d1 50 10 10 00 f0 7b 00 00
TCPDIAG inbound frame 58 b0 35 77 d7 22 00 fa c0 a8 01 01 08 00 45 00 00 28 03 eb 00 00 40 06 aa e8 0a 2a 00 01 c0 a8 01 2a 46 a1 82 67 00 00 00 01 0f 81 0e 01 50 10 10 00 ed 4b 00 00
NIE7 pc=00045d74 CBufferList::Putn r0=0c697bf8 r1=0cd205f4 r2=000001fd r3=0cd184b4 sp=0cc8257c lr=6009c7b0
NIE7 pc=00046298 CBufferList::GetSize r0=0c697bf8 r1=0c697bf8 r2=00010064 r3=00009569 sp=0cc82620 lr=6009c4b8
TCPDIAG native SendBuffer r1=0cd19f28 r2=54
TCPDIAG native SendPacket addr=0cd19f28 size=54
TCPDIAG native frame 00 fa c0 a8 01 01 58 b0 35 77 d7 22 08 00 45 00 00 28 00 7e 00 00 40 06 ae 55 c0 a8 01 2a 0a 2a 00 01 82 67 46 a1 0f 81 0e 01 00 00 01 fe 50 10 10 00 eb 4e 00 00
TCPDIAG state=kStateConnectedWaitACK size=54 iptotal=40 iphdr=20 tcphdr=20 payload=0 flags=0x010 seq=260115969 ack=510 src=33383 dst=18081
TCPDIAG inbound frame 58 b0 35 77 d7 22 00 fa c0 a8 01 01 08 00 45 00 00 28 03 ed 00 00 40 06 aa e6 0a 2a 00 01 c0 a8 01 2a 46 a1 82 67 00 00 01 fe 0f 81 0e 01 50 11 10 00 eb 4d 00 00
TCPDIAG native SendBuffer r1=0cd19f28 r2=54
TCPDIAG native SendPacket addr=0cd19f28 size=54
TCPDIAG native frame 00 fa c0 a8 01 01 58 b0 35 77 d7 22 08 00 45 00 00 28 00 7f 00 00 40 06 ae 54 c0 a8 01 2a 0a 2a 00 01 82 67 46 a1 0f 81 0e 01 00 00 01 ff 50 10 10 00 eb 4d 00 00
TCPDIAG state=kStatePeerDiscWaitForACK size=54 iptotal=40 iphdr=20 tcphdr=20 payload=0 flags=0x010 seq=260115969 ack=511 src=33383 dst=18081
NIE7 pc=00045d74 CBufferList::Putn r0=0c697bf8 r1=0cd205f4 r2=00000000 r3=0cd184b4 sp=0cc8257c lr=6009c7b0
TCPDIAG inbound frame 58 b0 35 77 d7 22 00 fa c0 a8 01 01 08 00 45 00 00 37 04 18 00 00 40 06 aa ac 0a 2a 00 01 c0 a8 01 2a 46 a1 83 e0 00 00 00 e2 0e cb ce 10 50 10 10 00 fb ce 00 00 54 4f 4f 4c 53 20 30 20 70 69 6e 67 20 0d 0a
NIE7 pc=00045d74 CBufferList::Putn r0=0c69a2e8 r1=0cd1f5e4 r2=0000000f r3=0cd1824c sp=0cc8257c lr=6009c7b0
TCPDIAG native SendBuffer r1=0cd19f28 r2=54
TCPDIAG native SendPacket addr=0cd19f28 size=54
TCPDIAG native frame 00 fa c0 a8 01 01 58 b0 35 77 d7 22 08 00 45 00 00 28 00 80 00 00 40 06 ae 53 c0 a8 01 2a 0a 2a 00 01 83 e0 46 a1 0e cb ce 10 00 00 00 f1 50 10 10 00 2b 89 00 00
TCPDIAG state=kStateConnectedWaitACK size=54 iptotal=40 iphdr=20 tcphdr=20 payload=0 flags=0x010 seq=248237584 ack=241 src=33760 dst=18081
[emulator-control] 10.89.10.7 "GET /screen.png HTTP/1.1" 200 -
TCPDIAG native SendBuffer r1=0cd19f28 r2=54
TCPDIAG native SendPacket addr=0cd19f28 size=54
TCPDIAG native frame 00 fa c0 a8 01 01 58 b0 35 77 d7 22 08 00 45 00 00 28 00 81 00 00 40 06 ae 52 c0 a8 01 2a 0a 2a 00 01 82 67 46 a1 0f 81 0e 01 00 00 01 ff 50 11 10 00 eb 4c 00 00
TCPDIAG state=kStatePeerDiscWaitForFIN size=54 iptotal=40 iphdr=20 tcphdr=20 payload=0 flags=0x011 seq=260115969 ack=511 src=33383 dst=18081
TCPDIAG inbound frame 58 b0 35 77 d7 22 00 fa c0 a8 01 01 08 00 45 00 00 28 03 ee 00 00 40 06 aa e5 0a 2a 00 01 c0 a8 01 2a 46 a1 82 67 00 00 01 ff 0f 81 0e 02 50 04 10 00 eb 58 00 00
NIE7 pc=00134fdc TNewScriptEndpointClient::DoOutput r0=0c699d28 r1=0ce2803c r2=0cd0e4f0 r3=0ce28044 sp=0cd0e4f0 lr=00139010
NIE7 pc=00135440 TNewScriptEndpointClient::OutputData r0=0c699d28 r1=0ce2803c r2=00000003 r3=00000000 sp=0cd0e4a8 lr=00135220
NIE7 pc=00382bbc TEndpoint::nSnd(raw) r0=0c69a0c4 r1=0c6991d8 r2=0cd0e468 r3=00000001 sp=0cd0e45c lr=00135560
NIE7 pc=00383854 PConnectionEnd::PutBytesStart r0=0cd1d30c r1=0c69a448 r2=0cd1d4e4 r3=00008269 sp=0cc82640 lr=00072980
NIE7 pc=00046298 CBufferList::GetSize r0=0c69a448 r1=0c69a448 r2=ffffffff r3=ffffffff sp=0cc82528 lr=6008ad30
TCPDIAG native SendBuffer r1=0cd19f28 r2=71
TCPDIAG native SendPacket addr=0cd19f28 size=71
TCPDIAG native frame 00 fa c0 a8 01 01 58 b0 35 77 d7 22 08 00 45 00 00 39 00 82 00 00 40 06 ae 40 c0 a8 01 2a 0a 2a 00 01 83 e0 46 a1 0e cb ce 10 00 00 00 f1 50 10 10 00 b7 1f 00 00 30 0d 0a 72 65 73 75 6c 74 0d 0a 70 6f 6e 67 0d 0a
TCPDIAG state=kStateConnectedWaitACK size=71 iptotal=57 iphdr=20 tcphdr=20 payload=17 flags=0x010 seq=248237584 ack=241 src=33760 dst=18081
TCPDIAG host-send requested=17 sent=17 errno=0
NIE7 pc=00046298 CBufferList::GetSize r0=0c69a448 r1=00010024 r2=0cd215f4 r3=0cd21a13 sp=0cc82618 lr=6009be90
NIE7 pc=00046298 CBufferList::GetSize r0=0c69a2e8 r1=0c69a2e8 r2=00010064 r3=00008269 sp=0cc82620 lr=6009c4b8
NIE7 pc=00135904 TNewScriptEndpointClient::SndComplete r0=0c699d28 r1=0cd0e958 r2=0001f26c r3=0cd0e958 sp=0cd0e8c4 lr=001386e4
NIE7 pc=00134fdc TNewScriptEndpointClient::DoOutput r0=0c699d28 r1=0ce2800c r2=0cd0e514 r3=0ce28014 sp=0cd0e514 lr=00139010
NIE7 pc=00135440 TNewScriptEndpointClient::OutputData r0=0c699d28 r1=0ce2800c r2=00000003 r3=00000000 sp=0cd0e4cc lr=00135220
NIE7 pc=00382bbc TEndpoint::nSnd(raw) r0=0c69a0c4 r1=0c6991d8 r2=0cd0e48c r3=00000001 sp=0cd0e480 lr=00135560
NIE7 pc=00383854 PConnectionEnd::PutBytesStart r0=0cd1d30c r1=0c69a448 r2=0cd1d4e4 r3=00008269 sp=0cc82640 lr=00072980
NIE7 pc=00046298 CBufferList::GetSize r0=0c69a448 r1=0c69a448 r2=ffffffff r3=ffffffff sp=0cc82528 lr=6008ad30
TCPDIAG native SendBuffer r1=0cd19f28 r2=60
TCPDIAG native SendPacket addr=0cd19f28 size=60
TCPDIAG native frame 00 fa c0 a8 01 01 58 b0 35 77 d7 22 08 00 45 00 00 2e 00 83 00 00 40 06 ae 4a c0 a8 01 2a 0a 2a 00 01 83 e0 46 a1 0e cb ce 21 00 00 00 f1 50 10 10 00 81 cc 00 00 50 4f 4c 4c 0d 0a
TCPDIAG state=kStateConnected size=60 iptotal=46 iphdr=20 tcphdr=20 payload=6 flags=0x010 seq=248237601 ack=241 src=33760 dst=18081
TCPDIAG host-send requested=6 sent=6 errno=0
NIE7 pc=00046298 CBufferList::GetSize r0=0c69a448 r1=00010064 r2=0cd215f4 r3=0cd21a13 sp=0cc82618 lr=6009be90
NIE7 pc=00135904 TNewScriptEndpointClient::SndComplete r0=0c699d28 r1=0cd0e958 r2=0001f26c r3=0cd0e958 sp=0cd0e8c4 lr=001386e4
TCPDIAG inbound frame 58 b0 35 77 d7 22 00 fa c0 a8 01 01 08 00 45 00 00 37 04 19 00 00 40 06 aa ab 0a 2a 00 01 c0 a8 01 2a 46 a1 83 e0 00 00 00 f1 0e cb ce 10 50 10 10 00 fb bf 00 00 54 4f 4f 4c 53 20 30 20 70 69 6e 67 20 0d 0a
NIE7 pc=00045d74 CBufferList::Putn r0=0c69a2e8 r1=0cd1f5e4 r2=0000000f r3=0cd1824c sp=0cc8257c lr=6009c7b0
NIE7 pc=00134fdc TNewScriptEndpointClient::DoOutput r0=0c699d28 r1=0ce2803c r2=0cd0e4f0 r3=0ce28044 sp=0cd0e4f0 lr=00139010
NIE7 pc=00135440 TNewScriptEndpointClient::OutputData r0=0c699d28 r1=0ce2803c r2=00000003 r3=00000000 sp=0cd0e4a8 lr=00135220
NIE7 pc=00382bbc TEndpoint::nSnd(raw) r0=0c69a0c4 r1=0c6a0598 r2=0cd0e468 r3=00000001 sp=0cd0e45c lr=00135560
NIE7 pc=00383854 PConnectionEnd::PutBytesStart r0=0cd1d30c r1=0c69a448 r2=0cd1d4e4 r3=00008269 sp=0cc82640 lr=00072980
NIE7 pc=00046298 CBufferList::GetSize r0=0c69a448 r1=0c69a448 r2=ffffffff r3=ffffffff sp=0cc82528 lr=6008ad30
TCPDIAG native SendBuffer r1=0cd19f28 r2=71
TCPDIAG native SendPacket addr=0cd19f28 size=71
TCPDIAG native frame 00 fa c0 a8 01 01 58 b0 35 77 d7 22 08 00 45 00 00 39 00 84 00 00 40 06 ae 3e c0 a8 01 2a 0a 2a 00 01 83 e0 46 a1 0e cb ce 27 00 00 00 f1 50 10 10 00 b7 08 00 00 30 0d 0a 72 65 73 75 6c 74 0d 0a 70 6f 6e 67 0d 0a
TCPDIAG state=kStateConnected size=71 iptotal=57 iphdr=20 tcphdr=20 payload=17 flags=0x010 seq=248237607 ack=241 src=33760 dst=18081
TCPDIAG host-send requested=17 sent=17 errno=0
NIE7 pc=00046298 CBufferList::GetSize r0=0c69a448 r1=00010024 r2=0cd21670 r3=0cd21a8f sp=0cc82618 lr=6009be90
NIE7 pc=00046298 CBufferList::GetSize r0=0c69a2e8 r1=0c69a2e8 r2=00010064 r3=00008269 sp=0cc82620 lr=6009c4b8
NIE7 pc=00135904 TNewScriptEndpointClient::SndComplete r0=0c699d28 r1=0cd0e958 r2=0001f26c r3=0cd0e958 sp=0cd0e8c4 lr=001386e4
NIE7 pc=00134fdc TNewScriptEndpointClient::DoOutput r0=0c699d28 r1=0ce2800c r2=0cd0e514 r3=0ce28014 sp=0cd0e514 lr=00139010
NIE7 pc=00135440 TNewScriptEndpointClient::OutputData r0=0c699d28 r1=0ce2800c r2=00000003 r3=00000000 sp=0cd0e4cc lr=00135220
NIE7 pc=00382bbc TEndpoint::nSnd(raw) r0=0c69a0c4 r1=0c699888 r2=0cd0e48c r3=00000001 sp=0cd0e480 lr=00135560
NIE7 pc=00383854 PConnectionEnd::PutBytesStart r0=0cd1d30c r1=0c69a448 r2=0cd1d4e4 r3=00008269 sp=0cc82640 lr=00072980
NIE7 pc=00046298 CBufferList::GetSize r0=0c69a448 r1=0c69a448 r2=ffffffff r3=ffffffff sp=0cc82528 lr=6008ad30
TCPDIAG native SendBuffer r1=0cd19f28 r2=60
TCPDIAG native SendPacket addr=0cd19f28 size=60
TCPDIAG native frame 00 fa c0 a8 01 01 58 b0 35 77 d7 22 08 00 45 00 00 2e 00 85 00 00 40 06 ae 48 c0 a8 01 2a 0a 2a 00 01 83 e0 46 a1 0e cb ce 38 00 00 00 f1 50 10 10 00 81 b5 00 00 50 4f 4c 4c 0d 0a
TCPDIAG state=kStateConnected size=60 iptotal=46 iphdr=20 tcphdr=20 payload=6 flags=0x010 seq=248237624 ack=241 src=33760 dst=18081
TCPDIAG host-send requested=6 sent=6 errno=0
NIE7 pc=00046298 CBufferList::GetSize r0=0c69a448 r1=00010064 r2=0cd21670 r3=0cd21a8f sp=0cc82618 lr=6009be90
NIE7 pc=00135904 TNewScriptEndpointClient::SndComplete r0=0c699d28 r1=0cd0e958 r2=0001f26c r3=0cd0e958 sp=0cd0e8c4 lr=001386e4
TCPDIAG native SendBuffer r1=0cd19f28 r2=54
TCPDIAG native SendPacket addr=0cd19f28 size=54
TCPDIAG native frame 00 fa c0 a8 01 01 58 b0 35 77 d7 22 08 00 45 00 00 28 00 86 00 00 40 06 ae 4d c0 a8 01 2a 0a 2a 00 01 83 e0 46 a1 0e cb ce 3e 00 00 01 00 50 10 10 00 2b 4c 00 00
TCPDIAG state=kStateConnected size=54 iptotal=40 iphdr=20 tcphdr=20 payload=0 flags=0x010 seq=248237630 ack=256 src=33760 dst=18081
TCPDIAG native SendBuffer r1=0cd19f28 r2=100
TCPDIAG native SendPacket addr=0cd19f28 size=100
TCPDIAG native frame 00 fa c0 a8 01 01 58 b0 35 77 d7 22 08 00 45 00 00 56 00 87 00 00 40 06 ae 1e c0 a8 01 2a 0a 2a 00 01 83 e0 46 a1 0e cb ce 10 00 00 01 00 50 10 10 00 0f 30 00 00 30 0d 0a 72 65 73 75 6c 74 0d 0a 70 6f 6e 67 0d 0a 50 4f 4c 4c 0d 0a 30 0d 0a 72 65 73 75 6c 74 0d 0a 70 6f 6e 67 0d 0a 50 4f 4c 4c 0d 0a
TCPDIAG state=kStateConnected size=100 iptotal=86 iphdr=20 tcphdr=20 payload=46 flags=0x010 seq=248237584 ack=256 src=33760 dst=18081
TCPDIAG host-send requested=46 sent=46 errno=0
TCPDIAG inbound frame 58 b0 35 77 d7 22 00 fa c0 a8 01 01 08 00 45 00 00 28 04 1a 00 00 40 06 aa b9 0a 2a 00 01 c0 a8 01 2a 46 a1 83 e0 00 00 01 00 0e cb ce 21 50 10 10 00 2b 69 00 00
TCPDIAG inbound frame 58 b0 35 77 d7 22 00 fa c0 a8 01 01 08 00 45 00 00 28 04 1b 00 00 40 06 aa b8 0a 2a 00 01 c0 a8 01 2a 46 a1 83 e0 00 00 01 00 0e cb ce 27 50 10 10 00 2b 63 00 00
TCPDIAG inbound frame 58 b0 35 77 d7 22 00 fa c0 a8 01 01 08 00 45 00 00 28 04 1c 00 00 40 06 aa b7 0a 2a 00 01 c0 a8 01 2a 46 a1 83 e0 00 00 01 00 0e cb ce 38 50 10 10 00 2b 52 00 00
TCPDIAG inbound frame 58 b0 35 77 d7 22 00 fa c0 a8 01 01 08 00 45 00 00 28 04 1d 00 00 40 06 aa b6 0a 2a 00 01 c0 a8 01 2a 46 a1 83 e0 00 00 01 00 0e cb ce 3e 50 10 10 00 2b 4c 00 00
TCPDIAG inbound frame 58 b0 35 77 d7 22 00 fa c0 a8 01 01 08 00 45 00 00 28 04 1e 00 00 40 06 aa b5 0a 2a 00 01 c0 a8 01 2a 46 a1 83 e0 00 00 01 00 0e cb ce 3e 50 10 10 00 2b 4c 00 00
TCPDIAG inbound frame 58 b0 35 77 d7 22 00 fa c0 a8 01 01 08 00 45 00 00 37 04 1f 00 00 40 06 aa a5 0a 2a 00 01 c0 a8 01 2a 46 a1 83 e0 00 00 01 00 0e cb ce 3e 50 10 10 00 fb 82 00 00 54 4f 4f 4c 53 20 30 20 70 69 6e 67 20 0d 0a
NIE7 pc=00045d74 CBufferList::Putn r0=0c69a2e8 r1=0cd1f5e4 r2=0000000f r3=0cd1824c sp=0cc8257c lr=6009c7b0
NIE7 pc=00134fdc TNewScriptEndpointClient::DoOutput r0=0c699d28 r1=0ce8b03c r2=0cced4f0 r3=0ce8b044 sp=0cced4f0 lr=00139010
NIE7 pc=00135440 TNewScriptEndpointClient::OutputData r0=0c699d28 r1=0ce8b03c r2=00000003 r3=00000000 sp=0cced4a8 lr=00135220
NIE7 pc=00382bbc TEndpoint::nSnd(raw) r0=0c69a0c4 r1=0c6977d0 r2=0cced468 r3=00000001 sp=0cced45c lr=00135560
NIE7 pc=00383854 PConnectionEnd::PutBytesStart r0=0cd1d30c r1=0c69a448 r2=0cd1d4e4 r3=00008269 sp=0cc82640 lr=00072980
NIE7 pc=00046298 CBufferList::GetSize r0=0c69a448 r1=0c69a448 r2=ffffffff r3=ffffffff sp=0cc82528 lr=6008ad30
TCPDIAG native SendBuffer r1=0cd19f28 r2=71
TCPDIAG native SendPacket addr=0cd19f28 size=71
TCPDIAG native frame 00 fa c0 a8 01 01 58 b0 35 77 d7 22 08 00 45 00 00 39 00 88 00 00 40 06 ae 3a c0 a8 01 2a 0a 2a 00 01 83 e0 46 a1 0e cb ce 3e 00 00 01 00 50 10 10 00 b6 e2 00 00 30 0d 0a 72 65 73 75 6c 74 0d 0a 70 6f 6e 67 0d 0a
TCPDIAG state=kStateConnectedWaitACK size=71 iptotal=57 iphdr=20 tcphdr=20 payload=17 flags=0x010 seq=248237630 ack=256 src=33760 dst=18081
TCPDIAG host-send requested=17 sent=17 errno=0
NIE7 pc=00046298 CBufferList::GetSize r0=0c69a448 r1=00010024 r2=0cd205e4 r3=0cd20a03 sp=0cc82618 lr=6009be90
NIE7 pc=00046298 CBufferList::GetSize r0=0c69a2e8 r1=0c69a2e8 r2=00010064 r3=00008269 sp=0cc82620 lr=6009c4b8
NIE7 pc=00135904 TNewScriptEndpointClient::SndComplete r0=0c699d28 r1=0cced958 r2=0001f26c r3=0cced958 sp=0cced8c4 lr=001386e4
NIE7 pc=00134fdc TNewScriptEndpointClient::DoOutput r0=0c699d28 r1=0ce8b00c r2=0cced514 r3=0ce8b014 sp=0cced514 lr=00139010
NIE7 pc=00135440 TNewScriptEndpointClient::OutputData r0=0c699d28 r1=0ce8b00c r2=00000003 r3=00000000 sp=0cced4cc lr=00135220
NIE7 pc=00382bbc TEndpoint::nSnd(raw) r0=0c69a0c4 r1=0c6974d4 r2=0cced48c r3=00000001 sp=0cced480 lr=00135560
NIE7 pc=00383854 PConnectionEnd::PutBytesStart r0=0cd1d30c r1=0c69a448 r2=0cd1d4e4 r3=00008269 sp=0cc82640 lr=00072980
NIE7 pc=00046298 CBufferList::GetSize r0=0c69a448 r1=0c69a448 r2=ffffffff r3=ffffffff sp=0cc82528 lr=6008ad30
TCPDIAG native SendBuffer r1=0cd19f28 r2=60
TCPDIAG native SendPacket addr=0cd19f28 size=60
TCPDIAG native frame 00 fa c0 a8 01 01 58 b0 35 77 d7 22 08 00 45 00 00 2e 00 89 00 00 40 06 ae 44 c0 a8 01 2a 0a 2a 00 01 83 e0 46 a1 0e cb ce 4f 00 00 01 00 50 10 10 00 81 8f 00 00 50 4f 4c 4c 0d 0a
TCPDIAG state=kStateConnected size=60 iptotal=46 iphdr=20 tcphdr=20 payload=6 flags=0x010 seq=248237647 ack=256 src=33760 dst=18081
TCPDIAG host-send requested=6 sent=6 errno=0
NIE7 pc=00046298 CBufferList::GetSize r0=0c69a448 r1=00010064 r2=0cd205e4 r3=0cd20a03 sp=0cc82618 lr=6009be90
NIE7 pc=00135904 TNewScriptEndpointClient::SndComplete r0=0c699d28 r1=0cced958 r2=0001f26c r3=0cced958 sp=0cced8c4 lr=001386e4
[emulator-control] 127.0.0.1 "GET /health HTTP/1.1" 200 -
TCPDIAG inbound frame 58 b0 35 77 d7 22 00 fa c0 a8 01 01 08 00 45 00 00 28 04 20 00 00 40 06 aa b3 0a 2a 00 01 c0 a8 01 2a 46 a1 83 e0 00 00 01 0f 0e cb ce 4f 50 10 10 00 2b 2c 00 00
TCPDIAG native SendBuffer r1=0cd19f28 r2=54
TCPDIAG native SendPacket addr=0cd19f28 size=54
TCPDIAG native frame 00 fa c0 a8 01 01 58 b0 35 77 d7 22 08 00 45 00 00 28 00 8a 00 00 40 06 ae 49 c0 a8 01 2a 0a 2a 00 01 83 e0 46 a1 0e cb ce 55 00 00 01 0f 50 10 10 00 2b 26 00 00
TCPDIAG state=kStateConnected size=54 iptotal=40 iphdr=20 tcphdr=20 payload=0 flags=0x010 seq=248237653 ack=271 src=33760 dst=18081
TCPDIAG inbound frame 58 b0 35 77 d7 22 00 fa c0 a8 01 01 08 00 45 00 00 28 04 21 00 00 40 06 aa b2 0a 2a 00 01 c0 a8 01 2a 46 a1 83 e0 00 00 01 0f 0e cb ce 55 50 10 10 00 2b 26 00 00
TCPDIAG inbound frame 58 b0 35 77 d7 22 00 fa c0 a8 01 01 08 00 45 00 00 37 04 22 00 00 40 06 aa a2 0a 2a 00 01 c0 a8 01 2a 46 a1 83 e0 00 00 01 0f 0e cb ce 55 50 10 10 00 fb 5c 00 00 54 4f 4f 4c 53 20 30 20 70 69 6e 67 20 0d 0a
NIE7 pc=00045d74 CBufferList::Putn r0=0c69a2e8 r1=0cd1f5e4 r2=0000000f r3=0cd1824c sp=0cc8257c lr=6009c7b0
NIE7 pc=00134fdc TNewScriptEndpointClient::DoOutput r0=0c699d28 r1=0ce8b03c r2=0cced4f0 r3=0ce8b044 sp=0cced4f0 lr=00139010
NIE7 pc=00135440 TNewScriptEndpointClient::OutputData r0=0c699d28 r1=0ce8b03c r2=00000003 r3=00000000 sp=0cced4a8 lr=00135220
NIE7 pc=00382bbc TEndpoint::nSnd(raw) r0=0c69a0c4 r1=0c6977d0 r2=0cced468 r3=00000001 sp=0cced45c lr=00135560
NIE7 pc=00383854 PConnectionEnd::PutBytesStart r0=0cd1d30c r1=0c69a448 r2=0cd1d4e4 r3=00008269 sp=0cc82640 lr=00072980
NIE7 pc=00046298 CBufferList::GetSize r0=0c69a448 r1=0c69a448 r2=ffffffff r3=ffffffff sp=0cc82528 lr=6008ad30
TCPDIAG native SendBuffer r1=0cd19f28 r2=71
TCPDIAG native SendPacket addr=0cd19f28 size=71
TCPDIAG native frame 00 fa c0 a8 01 01 58 b0 35 77 d7 22 08 00 45 00 00 39 00 8b 00 00 40 06 ae 37 c0 a8 01 2a 0a 2a 00 01 83 e0 46 a1 0e cb ce 55 00 00 01 0f 50 10 10 00 b6 bc 00 00 30 0d 0a 72 65 73 75 6c 74 0d 0a 70 6f 6e 67 0d 0a
TCPDIAG state=kStateConnectedWaitACK size=71 iptotal=57 iphdr=20 tcphdr=20 payload=17 flags=0x010 seq=248237653 ack=271 src=33760 dst=18081
TCPDIAG host-send requested=17 sent=17 errno=0
NIE7 pc=00046298 CBufferList::GetSize r0=0c69a448 r1=00010024 r2=0cd205e4 r3=0cd20a03 sp=0cc82618 lr=6009be90
NIE7 pc=00046298 CBufferList::GetSize r0=0c69a2e8 r1=0c69a2e8 r2=00010064 r3=00008269 sp=0cc82620 lr=6009c4b8
NIE7 pc=00135904 TNewScriptEndpointClient::SndComplete r0=0c699d28 r1=0cced958 r2=0001f26c r3=0cced958 sp=0cced8c4 lr=001386e4
NIE7 pc=00134fdc TNewScriptEndpointClient::DoOutput r0=0c699d28 r1=0ce8b00c r2=0cced514 r3=0ce8b014 sp=0cced514 lr=00139010
NIE7 pc=00135440 TNewScriptEndpointClient::OutputData r0=0c699d28 r1=0ce8b00c r2=00000003 r3=00000000 sp=0cced4cc lr=00135220
NIE7 pc=00382bbc TEndpoint::nSnd(raw) r0=0c69a0c4 r1=0c6974d4 r2=0cced48c r3=00000001 sp=0cced480 lr=00135560
NIE7 pc=00383854 PConnectionEnd::PutBytesStart r0=0cd1d30c r1=0c69a448 r2=0cd1d4e4 r3=00008269 sp=0cc82640 lr=00072980
NIE7 pc=00046298 CBufferList::GetSize r0=0c69a448 r1=0c69a448 r2=ffffffff r3=ffffffff sp=0cc82528 lr=6008ad30
TCPDIAG native SendBuffer r1=0cd19f28 r2=60
TCPDIAG native SendPacket addr=0cd19f28 size=60
TCPDIAG native frame 00 fa c0 a8 01 01 58 b0 35 77 d7 22 08 00 45 00 00 2e 00 8c 00 00 40 06 ae 41 c0 a8 01 2a 0a 2a 00 01 83 e0 46 a1 0e cb ce 66 00 00 01 0f 50 10 10 00 81 69 00 00 50 4f 4c 4c 0d 0a
TCPDIAG state=kStateConnected size=60 iptotal=46 iphdr=20 tcphdr=20 payload=6 flags=0x010 seq=248237670 ack=271 src=33760 dst=18081
TCPDIAG host-send requested=6 sent=6 errno=0
NIE7 pc=00046298 CBufferList::GetSize r0=0c69a448 r1=00010064 r2=0cd205e4 r3=0cd20a03 sp=0cc82618 lr=6009be90
NIE7 pc=00135904 TNewScriptEndpointClient::SndComplete r0=0c699d28 r1=0cced958 r2=0001f26c r3=0cced958 sp=0cced8c4 lr=001386e4
TCPDIAG native SendBuffer r1=0cd19f28 r2=54
TCPDIAG native SendPacket addr=0cd19f28 size=54
TCPDIAG native frame 00 fa c0 a8 01 01 58 b0 35 77 d7 22 08 00 45 00 00 28 00 8d 00 00 40 06 ae 46 c0 a8 01 2a 0a 2a 00 01 83 e0 46 a1 0e cb ce 6c 00 00 01 1e 50 10 10 00 2b 00 00 00
TCPDIAG state=kStateConnected size=54 iptotal=40 iphdr=20 tcphdr=20 payload=0 flags=0x010 seq=248237676 ack=286 src=33760 dst=18081
TCPDIAG inbound frame 58 b0 35 77 d7 22 00 fa c0 a8 01 01 08 00 45 00 00 28 04 23 00 00 40 06 aa b0 0a 2a 00 01 c0 a8 01 2a 46 a1 83 e0 00 00 01 1e 0e cb ce 66 50 10 10 00 2b 06 00 00
TCPDIAG inbound frame 58 b0 35 77 d7 22 00 fa c0 a8 01 01 08 00 45 00 00 28 04 24 00 00 40 06 aa af 0a 2a 00 01 c0 a8 01 2a 46 a1 83 e0 00 00 01 1e 0e cb ce 6c 50 10 10 00 2b 00 00 00
[emulator-control] 10.89.10.7 "GET /screen.png HTTP/1.1" 200 -
